source_line,iteration,observed_at,base_table_rows,lag_seconds,lag_minutes,plotted_lag_minutes,refresh_watermark,phase
13,13,2026-08-10T15:36:42.721Z,730226076,311.003401,5.183390017,5.183390017,2026-08-10T15:31:31.718Z,active
18,18,2026-08-10T15:41:42.721Z,1022839856,301.865397,5.031089950,5.031089950,2026-08-10T15:36:40.856Z,active
23,23,2026-08-10T15:46:42.721Z,1325683526,288.941399,4.815689983,4.815689983,2026-08-10T15:41:53.780Z,active
28,28,2026-08-10T15:51:42.721Z,1627884490,283.268397,4.721139950,4.721139950,2026-08-10T15:46:59.453Z,active
33,33,2026-08-10T15:56:42.721Z,1930024793,275.437401,4.590623350,4.590623350,2026-08-10T15:52:07.284Z,active
39,39,2026-08-10T16:02:42.721Z,2282871468,319.111400,5.318523333,5.318523333,2026-08-10T15:57:23.610Z,active
44,44,2026-08-10T16:07:42.721Z,2586107592,300.384400,5.006406667,5.006406667,2026-08-10T16:02:42.337Z,active
49,49,2026-08-10T16:12:42.721Z,2888427990,289.704399,4.828406650,4.828406650,2026-08-10T16:07:53.017Z,active
54,54,2026-08-10T16:17:42.721Z,3191612061,273.339397,4.555656617,4.555656617,2026-08-10T16:13:09.382Z,active
59,59,2026-08-10T16:22:42.721Z,3483728655,269.878404,4.497973400,4.497973400,2026-08-10T16:18:12.843Z,active
65,65,2026-08-10T16:28:42.721Z,3846898912,308.417403,5.140290050,5.140290050,2026-08-10T16:23:34.304Z,active
70,70,2026-08-10T16:33:42.721Z,4150658308,299.109404,4.985156733,4.985156733,2026-08-10T16:28:43.612Z,active
75,75,2026-08-10T16:38:42.721Z,4442909554,284.301398,4.738356633,4.738356633,2026-08-10T16:33:58.420Z,active
80,80,2026-08-10T16:43:42.721Z,4745753224,271.611404,4.526856733,4.526856733,2026-08-10T16:39:11.110Z,active
85,85,2026-08-10T16:48:42.721Z,5049356983,261.011404,4.350190067,4.350190067,2026-08-10T16:44:21.710Z,active
91,91,2026-08-10T16:54:42.721Z,5401780675,309.214400,5.153573333,5.153573333,2026-08-10T16:49:33.507Z,active
96,96,2026-08-10T16:59:42.721Z,5705168077,298.198399,4.969973317,4.969973317,2026-08-10T16:54:44.523Z,active
101,101,2026-08-10T17:04:42.721Z,6006834385,289.087403,4.818123383,4.818123383,2026-08-10T16:59:53.634Z,active
106,106,2026-08-10T17:09:42.721Z,6310332145,284.836398,4.747273300,4.747273300,2026-08-10T17:04:57.885Z,active
112,112,2026-08-10T17:15:42.721Z,6664132183,335.694396,5.594906600,5.594906600,2026-08-10T17:10:07.027Z,active
117,117,2026-08-10T17:20:42.721Z,6966060127,287.926397,4.798773283,4.798773283,2026-08-10T17:15:54.795Z,active
123,123,2026-08-10T17:26:42.721Z,7329557724,308.992398,5.149873300,5.149873300,2026-08-10T17:21:33.729Z,active
128,128,2026-08-10T17:31:42.721Z,7622459226,279.895401,4.664923350,4.664923350,2026-08-10T17:27:02.826Z,active
133,133,2026-08-10T17:36:42.721Z,7925276248,269.749404,4.495823400,4.495823400,2026-08-10T17:32:12.972Z,active
138,138,2026-08-10T17:41:42.721Z,8227858282,260.794407,4.346573450,4.346573450,2026-08-10T17:37:21.927Z,active
144,144,2026-08-10T17:47:42.721Z,8591331927,312.210404,5.203506733,5.203506733,2026-08-10T17:42:30.511Z,active
149,149,2026-08-10T17:52:42.721Z,8883710157,301.229396,5.020489933,5.020489933,2026-08-10T17:47:41.492Z,active
154,154,2026-08-10T17:57:42.721Z,9186292191,291.913400,4.865223333,4.865223333,2026-08-10T17:52:50.808Z,active
159,159,2026-08-10T18:02:42.721Z,9488509029,280.296405,4.671606750,4.671606750,2026-08-10T17:58:02.425Z,active
164,164,2026-08-10T18:07:42.721Z,9781410531,272.124400,4.535406667,4.535406667,2026-08-10T18:03:10.597Z,active
170,170,2026-08-10T18:13:42.721Z,10143971986,321.068415,5.351140250,5.351140250,2026-08-10T18:08:21.653Z,active
175,175,2026-08-10T18:18:42.721Z,10447338928,300.602399,5.010039983,5.010039983,2026-08-10T18:13:42.119Z,active
180,180,2026-08-10T18:23:42.721Z,10749659326,291.883402,4.864723367,4.864723367,2026-08-10T18:18:50.838Z,active
185,185,2026-08-10T18:28:42.721Z,11043281448,276.559397,4.609323283,4.609323283,2026-08-10T18:24:06.162Z,active
190,190,2026-08-10T18:33:42.721Z,11345863482,265.761402,4.429356700,4.429356700,2026-08-10T18:29:16.960Z,active
196,196,2026-08-10T18:39:42.721Z,11709454499,308.308398,5.138473300,5.138473300,2026-08-10T18:34:34.413Z,active
201,201,2026-08-10T18:44:42.721Z,12001571093,295.812398,4.930206633,4.930206633,2026-08-10T18:39:46.909Z,active
206,206,2026-08-10T18:49:42.721Z,12304545581,291.309397,4.855156617,4.855156617,2026-08-10T18:44:51.412Z,active
211,211,2026-08-10T18:54:42.721Z,12607475470,279.277400,4.654623333,4.654623333,2026-08-10T18:50:03.444Z,active
216,216,2026-08-10T18:59:42.721Z,12910057504,267.593401,4.459890017,4.459890017,2026-08-10T18:55:15.128Z,active
222,222,2026-08-10T19:05:42.721Z,13263886850,310.776401,5.179606683,5.179606683,2026-08-10T19:00:31.945Z,active
227,227,2026-08-10T19:10:42.721Z,13566730520,300.677396,5.011289933,5.011289933,2026-08-10T19:05:42.044Z,active
232,232,2026-08-10T19:15:42.721Z,13869290609,291.463399,4.857723317,4.857723317,2026-08-10T19:10:51.258Z,active
237,237,2026-08-10T19:20:42.721Z,14161799657,281.933397,4.698889950,4.698889950,2026-08-10T19:16:00.788Z,active
242,242,2026-08-10T19:25:42.721Z,14464718880,251.803407,4.196723450,4.196723450,2026-08-10T19:21:30.918Z,active
248,248,2026-08-10T19:31:42.721Z,14828916192,310.014403,5.166906717,5.166906717,2026-08-10T19:26:32.707Z,active
253,253,2026-08-10T19:36:42.721Z,15121131896,286.069401,4.767823350,4.767823350,2026-08-10T19:31:56.652Z,active
258,258,2026-08-10T19:41:42.721Z,15423321476,282.062399,4.701039983,4.701039983,2026-08-10T19:37:00.659Z,active
263,263,2026-08-10T19:46:42.721Z,15726426782,260.905399,4.348423317,4.348423317,2026-08-10T19:42:21.816Z,active
269,269,2026-08-10T19:52:42.721Z,16089752674,318.737399,5.312289983,5.312289983,2026-08-10T19:47:23.984Z,active
274,274,2026-08-10T19:57:42.721Z,16382392540,304.726401,5.078773350,5.078773350,2026-08-10T19:52:37.995Z,active
280,280,2026-08-10T20:03:42.721Z,16745924155,352.106405,5.868440083,5.868440083,2026-08-10T19:57:50.615Z,active
285,285,2026-08-10T20:08:42.721Z,17049291097,297.091400,4.951523333,4.951523333,2026-08-10T20:03:45.630Z,active
291,291,2026-08-10T20:14:42.721Z,17402555707,321.346397,5.355773283,5.355773283,2026-08-10T20:09:21.375Z,active
296,296,2026-08-10T20:19:42.721Z,17704876105,292.686399,4.878106650,4.878106650,2026-08-10T20:14:50.035Z,active
301,301,2026-08-10T20:24:42.721Z,18008545549,288.803396,4.813389933,4.813389933,2026-08-10T20:19:53.918Z,active
306,306,2026-08-10T20:29:42.721Z,18301054597,277.003396,4.616723267,4.616723267,2026-08-10T20:25:05.718Z,active
311,311,2026-08-10T20:34:42.721Z,18604029085,257.841402,4.297356700,4.297356700,2026-08-10T20:30:24.880Z,active
317,317,2026-08-10T20:40:42.721Z,18966535440,307.282400,5.121373333,5.121373333,2026-08-10T20:35:35.439Z,active
322,322,2026-08-10T20:45:42.721Z,19269771564,296.075404,4.934590067,4.934590067,2026-08-10T20:40:46.646Z,active
327,327,2026-08-10T20:50:42.721Z,19563003625,281.067395,4.684456583,4.684456583,2026-08-10T20:46:01.654Z,active
332,332,2026-08-10T20:55:42.721Z,19865847295,263.721405,4.395356750,4.395356750,2026-08-10T20:51:19.000Z,active
338,338,2026-08-10T21:01:42.721Z,20229301808,305.489398,5.091489967,5.091489967,2026-08-10T20:56:37.232Z,active
343,343,2026-08-10T21:06:42.721Z,20522334128,296.167401,4.936123350,4.936123350,2026-08-10T21:01:46.554Z,active
348,348,2026-08-10T21:11:42.721Z,20824262072,289.038399,4.817306650,4.817306650,2026-08-10T21:06:53.683Z,active
353,353,2026-08-10T21:16:42.721Z,21126889276,283.686401,4.728106683,4.728106683,2026-08-10T21:11:59.035Z,active
358,358,2026-08-10T21:21:42.721Z,21430387036,274.743401,4.579056683,4.579056683,2026-08-10T21:17:07.978Z,active
363,363,2026-08-10T21:26:42.721Z,21722320805,270.315401,4.505256683,4.505256683,2026-08-10T21:22:12.406Z,active
369,369,2026-08-10T21:32:42.721Z,22086248108,318.979400,5.316323333,5.316323333,2026-08-10T21:27:23.742Z,active
374,374,2026-08-10T21:37:42.721Z,22388960960,302.603397,5.043389950,5.043389950,2026-08-10T21:32:40.118Z,active
379,379,2026-08-10T21:42:42.721Z,22681517788,293.460405,4.891006750,4.891006750,2026-08-10T21:37:49.261Z,active
384,384,2026-08-10T21:47:42.721Z,22984623094,276.153401,4.602556683,4.602556683,2026-08-10T21:43:06.568Z,active
389,389,2026-08-10T21:52:42.721Z,23287205128,270.576401,4.509606683,4.509606683,2026-08-10T21:48:12.145Z,active
395,395,2026-08-10T21:58:42.721Z,23641310068,317.142400,5.285706667,5.285706667,2026-08-10T21:53:25.579Z,active
400,400,2026-08-10T22:03:42.721Z,23945063195,296.336400,4.938940000,4.938940000,2026-08-10T21:58:46.385Z,active
405,405,2026-08-10T22:08:42.721Z,24247252775,279.802398,4.663373300,4.663373300,2026-08-10T22:04:02.919Z,active
410,410,2026-08-10T22:13:42.721Z,24549965627,270.482398,4.508039967,4.508039967,2026-08-10T22:09:12.239Z,active
416,416,2026-08-10T22:19:42.721Z,24903972687,323.124400,5.385406667,5.385406667,2026-08-10T22:14:19.597Z,active
421,421,2026-08-10T22:24:42.721Z,25206685539,304.526400,5.075440000,5.075440000,2026-08-10T22:19:38.195Z,active
426,426,2026-08-10T22:29:42.721Z,25509695366,293.178398,4.886306633,4.886306633,2026-08-10T22:24:49.543Z,active
431,431,2026-08-10T22:34:42.721Z,25802727686,276.500404,4.608340067,4.608340067,2026-08-10T22:30:06.221Z,active
436,436,2026-08-10T22:39:42.721Z,26105712200,273.435400,4.557256667,4.557256667,2026-08-10T22:35:09.286Z,active
441,441,2026-08-10T22:44:42.721Z,26408425052,259.244401,4.320740017,4.320740017,2026-08-10T22:40:23.477Z,active
447,447,2026-08-10T22:50:42.721Z,26762443219,310.877399,5.181289983,5.181289983,2026-08-10T22:45:31.844Z,active
452,452,2026-08-10T22:55:42.721Z,27064894435,304.868400,5.081140000,5.081140000,2026-08-10T22:50:37.853Z,active
457,457,2026-08-10T23:00:42.721Z,27367607287,299.204398,4.986739967,4.986739967,2026-08-10T22:55:43.517Z,active
462,462,2026-08-10T23:05:42.721Z,27660291486,289.464399,4.824406650,4.824406650,2026-08-10T23:00:53.257Z,active
467,467,2026-08-10T23:10:42.721Z,27963527610,275.601398,4.593356633,4.593356633,2026-08-10T23:06:07.120Z,active
472,472,2026-08-10T23:15:42.721Z,28266333865,267.784402,4.463073367,4.463073367,2026-08-10T23:11:14.937Z,active
478,478,2026-08-10T23:21:42.721Z,28629746269,310.718403,5.178640050,5.178640050,2026-08-10T23:16:32.003Z,active
483,483,2026-08-10T23:26:42.721Z,28923432679,298.026398,4.967106633,4.967106633,2026-08-10T23:21:44.695Z,active
488,488,2026-08-10T23:31:42.721Z,29225520782,279.369398,4.656156633,4.656156633,2026-08-10T23:27:03.352Z,active
493,493,2026-08-10T23:36:42.721Z,29528756906,264.344400,4.405740000,4.405740000,2026-08-10T23:32:18.377Z,active
499,499,2026-08-10T23:42:42.721Z,29882340342,309.131402,5.152190033,5.152190033,2026-08-10T23:37:33.590Z,active
504,504,2026-08-10T23:47:42.721Z,30185707284,293.438400,4.890640000,4.890640000,2026-08-10T23:42:49.283Z,active
509,509,2026-08-10T23:52:42.721Z,30488350869,289.688401,4.828140017,4.828140017,2026-08-10T23:47:53.033Z,active
514,514,2026-08-10T23:57:42.721Z,30781514007,273.432399,4.557206650,4.557206650,2026-08-10T23:53:09.289Z,active
519,519,2026-08-11T00:02:42.721Z,31084488495,261.936404,4.365606733,4.365606733,2026-08-10T23:58:20.785Z,active
525,525,2026-08-11T00:08:42.721Z,31447144545,310.120401,5.168673350,5.168673350,2026-08-11T00:03:32.601Z,active
530,530,2026-08-11T00:13:42.721Z,31740830955,297.967400,4.966123333,4.966123333,2026-08-11T00:08:44.754Z,active
535,535,2026-08-11T00:18:42.721Z,32043861131,291.868400,4.864473333,4.864473333,2026-08-11T00:13:50.853Z,active
540,540,2026-08-11T00:23:42.721Z,32347489709,279.166398,4.652773300,4.652773300,2026-08-11T00:19:03.555Z,active
545,545,2026-08-11T00:28:42.721Z,32650601336,271.161398,4.519356633,4.519356633,2026-08-11T00:24:11.560Z,active
550,550,2026-08-11T00:33:42.721Z,32943502838,257.999400,4.299990000,4.299990000,2026-08-11T00:29:24.722Z,active
556,556,2026-08-11T00:39:42.721Z,33307157761,311.595399,5.193256650,5.193256650,2026-08-11T00:34:31.126Z,active
561,561,2026-08-11T00:44:42.721Z,33610132249,303.561401,5.059356683,5.059356683,2026-08-11T00:39:39.160Z,active
566,566,2026-08-11T00:49:42.721Z,33902630697,297.100398,4.951673300,4.951673300,2026-08-11T00:44:45.621Z,active
571,571,2026-08-11T00:54:42.721Z,34206081915,286.311401,4.771856683,4.771856683,2026-08-11T00:49:56.410Z,active
576,576,2026-08-11T00:59:42.721Z,34508271495,278.930397,4.648839950,4.648839950,2026-08-11T00:55:03.791Z,active
581,581,2026-08-11T01:04:42.721Z,34801233262,274.637405,4.577290083,4.577290083,2026-08-11T01:00:08.084Z,active
587,587,2026-08-11T01:10:42.721Z,35164623412,315.066401,5.251106683,5.251106683,2026-08-11T01:05:27.655Z,active
592,592,2026-08-11T01:15:42.721Z,35467597900,296.081400,4.934690000,4.934690000,2026-08-11T01:10:46.640Z,active
597,597,2026-08-11T01:20:42.721Z,35760783899,291.260397,4.854339950,4.854339950,2026-08-11T01:15:51.461Z,active
602,602,2026-08-11T01:25:42.721Z,36063889205,273.781407,4.563023450,4.563023450,2026-08-11T01:21:08.940Z,active
608,608,2026-08-11T01:31:42.721Z,36427267420,320.153400,5.335890000,5.335890000,2026-08-11T01:26:22.568Z,active
614,614,2026-08-11T01:37:42.721Z,36790679824,334.791397,5.579856617,5.579856617,2026-08-11T01:32:07.930Z,active
619,619,2026-08-11T01:42:42.721Z,37083337509,283.806399,4.730106650,4.730106650,2026-08-11T01:37:58.915Z,active
624,624,2026-08-11T01:47:42.721Z,37386442815,269.000400,4.483340000,4.483340000,2026-08-11T01:43:13.721Z,active
629,629,2026-08-11T01:52:42.721Z,37688922238,269.480397,4.491339950,4.491339950,2026-08-11T01:48:13.241Z,active
634,634,2026-08-11T01:57:42.721Z,37981823740,260.026398,4.333773300,4.333773300,2026-08-11T01:53:22.695Z,active
640,640,2026-08-11T02:03:42.721Z,38345096657,313.431402,5.223856700,5.223856700,2026-08-11T01:58:29.290Z,active
645,645,2026-08-11T02:08:42.721Z,38648332781,301.534403,5.025573383,5.025573383,2026-08-11T02:03:41.187Z,active
650,650,2026-08-11T02:13:42.721Z,38940711011,291.664401,4.861073350,4.861073350,2026-08-11T02:08:51.057Z,active
655,655,2026-08-11T02:18:42.721Z,39243471824,279.149401,4.652490017,4.652490017,2026-08-11T02:14:03.572Z,active
660,660,2026-08-11T02:23:42.721Z,39545923040,272.558399,4.542639983,4.542639983,2026-08-11T02:19:10.163Z,active
665,665,2026-08-11T02:28:42.721Z,39848212225,265.401399,4.423356650,4.423356650,2026-08-11T02:24:17.320Z,active
671,671,2026-08-11T02:34:42.721Z,40200374281,307.976401,5.132940017,5.132940017,2026-08-11T02:29:34.745Z,active
676,676,2026-08-11T02:39:42.721Z,40503144708,292.794406,4.879906767,4.879906767,2026-08-11T02:34:49.927Z,active
681,681,2026-08-11T02:44:42.721Z,40806105725,277.057400,4.617623333,4.617623333,2026-08-11T02:40:05.664Z,active
686,686,2026-08-11T02:49:42.721Z,41099268863,271.571400,4.526190000,4.526190000,2026-08-11T02:45:11.150Z,active
692,692,2026-08-11T02:55:42.721Z,41463084748,319.436398,5.323939967,5.323939967,2026-08-11T02:50:23.285Z,active
697,697,2026-08-11T03:00:42.721Z,41765666782,307.172402,5.119540033,5.119540033,2026-08-11T02:55:35.549Z,active
702,702,2026-08-11T03:05:42.721Z,42058437466,283.610401,4.726840017,4.726840017,2026-08-11T03:00:59.111Z,active
708,708,2026-08-11T03:11:42.721Z,42422328007,313.299399,5.221656650,5.221656650,2026-08-11T03:06:29.422Z,active
713,713,2026-08-11T03:16:42.721Z,42724910041,304.944413,5.082406883,5.082406883,2026-08-11T03:11:37.777Z,active
718,718,2026-08-11T03:21:42.721Z,43018535350,285.646401,4.760773350,4.760773350,2026-08-11T03:16:57.075Z,active
723,723,2026-08-11T03:26:42.721Z,43320920890,278.266400,4.637773333,4.637773333,2026-08-11T03:22:04.455Z,active
729,729,2026-08-11T03:32:42.721Z,43684763111,318.917394,5.315289900,5.315289900,2026-08-11T03:27:23.804Z,active
735,735,2026-08-11T03:38:42.721Z,44048175515,365.985399,6.099756650,6.099756650,2026-08-11T03:32:36.736Z,active
740,740,2026-08-11T03:43:42.721Z,44341242636,305.434401,5.090573350,5.090573350,2026-08-11T03:38:37.287Z,active
745,745,2026-08-11T03:48:42.721Z,44644347942,292.518397,4.875306617,4.875306617,2026-08-11T03:43:50.203Z,active
750,750,2026-08-11T03:53:42.721Z,44947510982,287.570399,4.792839983,4.792839983,2026-08-11T03:48:55.151Z,active
755,755,2026-08-11T03:58:42.721Z,45240412484,266.597401,4.443290017,4.443290017,2026-08-11T03:54:16.124Z,active
760,760,2026-08-11T04:03:42.721Z,45543517790,262.785406,4.379756767,4.379756767,2026-08-11T03:59:19.936Z,active
766,766,2026-08-11T04:09:42.721Z,45907726604,309.540400,5.159006667,5.159006667,2026-08-11T04:04:33.181Z,active
771,771,2026-08-11T04:14:42.721Z,46199581562,301.731400,5.028856667,5.028856667,2026-08-11T04:09:40.990Z,active
776,776,2026-08-11T04:19:42.721Z,46502544396,296.249400,4.937490000,4.937490000,2026-08-11T04:14:46.472Z,active
781,781,2026-08-11T04:24:42.721Z,46805853812,287.821406,4.797023433,4.797023433,2026-08-11T04:19:54.900Z,active
786,786,2026-08-11T04:29:42.721Z,47098557560,276.972399,4.616206650,4.616206650,2026-08-11T04:25:05.749Z,active
792,792,2026-08-11T04:35:42.721Z,47462624054,318.354403,5.305906717,5.305906717,2026-08-11T04:30:24.367Z,active
797,797,2026-08-11T04:40:42.721Z,47766178171,302.547398,5.042456633,5.042456633,2026-08-11T04:35:40.174Z,active
802,802,2026-08-11T04:45:42.721Z,48058996980,291.951399,4.865856650,4.865856650,2026-08-11T04:40:50.770Z,active
807,807,2026-08-11T04:50:42.721Z,48361971468,269.583398,4.493056633,4.493056633,2026-08-11T04:46:13.138Z,active
813,813,2026-08-11T04:56:42.721Z,48726039375,314.154405,5.235906750,5.235906750,2026-08-11T04:51:28.567Z,active
818,818,2026-08-11T05:01:42.721Z,49018417605,296.484399,4.941406650,4.941406650,2026-08-11T04:56:46.237Z,active
823,823,2026-08-11T05:06:42.721Z,49320854663,277.094399,4.618239983,4.618239983,2026-08-11T05:02:05.627Z,active
828,828,2026-08-11T05:11:42.721Z,49624614059,266.646399,4.444106650,4.444106650,2026-08-11T05:07:16.075Z,active
834,834,2026-08-11T05:17:42.721Z,49987441593,317.282399,5.288039983,5.288039983,2026-08-11T05:12:25.439Z,active
839,839,2026-08-11T05:22:42.721Z,50280162067,303.707399,5.061789983,5.061789983,2026-08-11T05:17:39.014Z,active
844,844,2026-08-11T05:27:42.721Z,50582482465,290.744397,4.845739950,4.845739950,2026-08-11T05:22:51.977Z,active
849,849,2026-08-11T05:32:42.721Z,50885920184,270.396401,4.506606683,4.506606683,2026-08-11T05:28:12.325Z,active
855,855,2026-08-11T05:38:42.721Z,51239782874,314.959403,5.249323383,5.249323383,2026-08-11T05:33:27.762Z,active
860,860,2026-08-11T05:43:42.721Z,51543032158,306.845398,5.114089967,5.114089967,2026-08-11T05:38:35.876Z,active
865,865,2026-08-11T05:48:42.721Z,51845745010,296.029403,4.933823383,4.933823383,2026-08-11T05:43:46.692Z,active
870,870,2026-08-11T05:53:42.721Z,52138384876,278.463399,4.641056650,4.641056650,2026-08-11T05:49:04.258Z,active
875,875,2026-08-11T05:58:42.721Z,52441646937,266.086402,4.434773367,4.434773367,2026-08-11T05:54:16.635Z,active
881,881,2026-08-11T06:04:42.721Z,52804405251,311.604398,5.193406633,5.193406633,2026-08-11T05:59:31.117Z,active
886,886,2026-08-11T06:09:42.721Z,53096991444,292.147406,4.869123433,4.869123433,2026-08-11T06:04:50.574Z,active
891,891,2026-08-11T06:14:42.721Z,53400358386,280.196406,4.669940100,4.669940100,2026-08-11T06:10:02.525Z,active
896,896,2026-08-11T06:19:42.721Z,53703825086,265.214399,4.420239983,4.420239983,2026-08-11T06:15:17.507Z,active
902,902,2026-08-11T06:25:42.721Z,54057033686,319.794399,5.329906650,5.329906650,2026-08-11T06:20:22.927Z,active
907,907,2026-08-11T06:30:42.721Z,54360662264,305.392411,5.089873517,5.089873517,2026-08-11T06:25:37.329Z,active
912,912,2026-08-11T06:35:42.721Z,54663668363,296.723400,4.945390000,4.945390000,2026-08-11T06:30:45.998Z,active
917,917,2026-08-11T06:40:42.721Z,54966642851,287.704399,4.795073317,4.795073317,2026-08-11T06:35:55.017Z,active
922,922,2026-08-11T06:45:42.721Z,55260086569,269.180400,4.486340000,4.486340000,2026-08-11T06:41:13.541Z,active
928,928,2026-08-11T06:51:42.721Z,55623760609,314.402400,5.240040000,5.240040000,2026-08-11T06:46:28.319Z,active
933,933,2026-08-11T06:56:42.721Z,55916893115,296.864398,4.947739967,4.947739967,2026-08-11T06:51:45.857Z,active
938,938,2026-08-11T07:01:42.721Z,56219736785,281.195404,4.686590067,4.686590067,2026-08-11T06:57:01.526Z,active
943,943,2026-08-11T07:06:42.721Z,56523412855,272.661410,4.544356833,4.544356833,2026-08-11T07:02:10.060Z,active
948,948,2026-08-11T07:11:42.721Z,56826387343,263.538400,4.392306667,4.392306667,2026-08-11T07:07:19.183Z,active
954,954,2026-08-11T07:17:42.721Z,57179072671,308.964402,5.149406700,5.149406700,2026-08-11T07:12:33.757Z,active
959,959,2026-08-11T07:22:42.721Z,57482447463,298.824398,4.980406633,4.980406633,2026-08-11T07:17:43.897Z,active
964,964,2026-08-11T07:27:42.721Z,57785814405,281.582400,4.693040000,4.693040000,2026-08-11T07:23:01.139Z,active
969,969,2026-08-11T07:32:42.721Z,58078876428,273.072416,4.551206933,4.551206933,2026-08-11T07:28:09.649Z,active
974,974,2026-08-11T07:37:42.721Z,58381196826,264.676398,4.411273300,4.411273300,2026-08-11T07:33:18.045Z,active
980,980,2026-08-11T07:43:42.721Z,58745405692,317.426401,5.290440017,5.290440017,2026-08-11T07:38:25.295Z,active
985,985,2026-08-11T07:48:42.721Z,59038176376,299.193399,4.986556650,4.986556650,2026-08-11T07:43:43.528Z,active
990,990,2026-08-11T07:53:42.721Z,59341054265,287.278399,4.787973317,4.787973317,2026-08-11T07:48:55.443Z,active
995,995,2026-08-11T07:58:42.721Z,59644682843,268.866400,4.481106667,4.481106667,2026-08-11T07:54:13.855Z,active
1001,1001,2026-08-11T08:04:42.721Z,59998313547,323.717398,5.395289967,5.395289967,2026-08-11T07:59:19.004Z,active
1006,1006,2026-08-11T08:09:42.721Z,60300110673,303.334400,5.055573333,5.055573333,2026-08-11T08:04:39.387Z,active
1012,1012,2026-08-11T08:15:42.721Z,60665041709,321.990400,5.366506667,5.366506667,2026-08-11T08:10:20.731Z,active
1017,1017,2026-08-11T08:20:42.721Z,60957681575,279.637398,4.660623300,4.660623300,2026-08-11T08:16:03.084Z,active
1023,1023,2026-08-11T08:26:42.721Z,61321102187,321.390416,5.356506933,5.356506933,2026-08-11T08:21:21.331Z,active
1028,1028,2026-08-11T08:31:42.721Z,61623945857,304.496403,5.074940050,5.074940050,2026-08-11T08:26:38.225Z,active
1033,1033,2026-08-11T08:36:42.721Z,61916856502,293.747400,4.895790000,4.895790000,2026-08-11T08:31:48.974Z,active
1038,1038,2026-08-11T08:41:42.721Z,62219700172,277.581397,4.626356617,4.626356617,2026-08-11T08:37:05.140Z,active
1043,1043,2026-08-11T08:46:42.721Z,62522543842,267.995403,4.466590050,4.466590050,2026-08-11T08:42:14.726Z,active
1049,1049,2026-08-11T08:52:42.721Z,62876536974,316.360404,5.272673400,5.272673400,2026-08-11T08:47:26.361Z,active
1054,1054,2026-08-11T08:57:42.721Z,63179249826,304.801406,5.080023433,5.080023433,2026-08-11T08:52:37.920Z,active
1059,1059,2026-08-11T09:02:42.721Z,63482107331,290.258402,4.837640033,4.837640033,2026-08-11T08:57:52.463Z,active
1064,1064,2026-08-11T09:07:42.721Z,63773962289,275.776401,4.596273350,4.596273350,2026-08-11T09:03:06.945Z,active
1069,1069,2026-08-11T09:12:42.721Z,64076713313,271.374402,4.522906700,4.522906700,2026-08-11T09:08:11.347Z,active
1075,1075,2026-08-11T09:18:42.721Z,64439733263,316.788399,5.279806650,5.279806650,2026-08-11T09:13:25.933Z,active
1080,1080,2026-08-11T09:23:42.721Z,64732503947,292.950396,4.882506600,4.882506600,2026-08-11T09:18:49.771Z,active
1085,1085,2026-08-11T09:28:42.721Z,65035228452,274.030399,4.567173317,4.567173317,2026-08-11T09:24:08.691Z,active
1090,1090,2026-08-11T09:33:42.721Z,65337418032,261.178398,4.352973300,4.352973300,2026-08-11T09:29:21.543Z,active
1096,1096,2026-08-11T09:39:42.721Z,65691189938,317.860399,5.297673317,5.297673317,2026-08-11T09:34:24.861Z,active
1101,1101,2026-08-11T09:44:42.721Z,65994164426,304.154405,5.069240083,5.069240083,2026-08-11T09:39:38.567Z,active
1106,1106,2026-08-11T09:49:42.721Z,66297138914,296.125400,4.935423333,4.935423333,2026-08-11T09:44:46.596Z,active
1111,1111,2026-08-11T09:54:42.721Z,66590125293,275.728399,4.595473317,4.595473317,2026-08-11T09:50:06.993Z,active
1117,1117,2026-08-11T10:00:42.721Z,66953668515,321.471402,5.357856700,5.357856700,2026-08-11T09:55:21.250Z,active
1122,1122,2026-08-11T10:05:42.721Z,67255358732,308.684401,5.144740017,5.144740017,2026-08-11T10:00:34.037Z,active
1127,1127,2026-08-11T10:10:42.721Z,67557999690,298.164398,4.969406633,4.969406633,2026-08-11T10:05:44.557Z,active
1132,1132,2026-08-11T10:15:42.721Z,67850258479,288.476396,4.807939933,4.807939933,2026-08-11T10:10:54.245Z,active
1137,1137,2026-08-11T10:20:42.721Z,68153412767,278.935423,4.648923717,4.648923717,2026-08-11T10:16:03.786Z,active
1142,1142,2026-08-11T10:25:42.721Z,68455981123,265.559398,4.425989967,4.425989967,2026-08-11T10:21:17.162Z,active
1147,1147,2026-08-11T10:30:42.721Z,68748505156,261.787404,4.363123400,4.363123400,2026-08-11T10:26:20.934Z,active
1153,1153,2026-08-11T10:36:42.721Z,69111792222,307.035402,5.117256700,5.117256700,2026-08-11T10:31:35.686Z,active
1158,1158,2026-08-11T10:41:42.721Z,69414505074,295.960400,4.932673333,4.932673333,2026-08-11T10:36:46.761Z,active
1163,1163,2026-08-11T10:46:42.721Z,69707340259,280.227402,4.670456700,4.670456700,2026-08-11T10:42:02.494Z,active
1168,1168,2026-08-11T10:51:42.721Z,70010445565,272.246399,4.537439983,4.537439983,2026-08-11T10:47:10.475Z,active
1174,1174,2026-08-11T10:57:42.721Z,70373568108,319.023401,5.317056683,5.317056683,2026-08-11T10:52:23.698Z,active
1179,1179,2026-08-11T11:02:42.721Z,70665423066,300.359398,5.005989967,5.005989967,2026-08-11T10:57:42.362Z,active
1184,1184,2026-08-11T11:07:42.721Z,70967612646,294.738404,4.912306733,4.912306733,2026-08-11T11:02:47.983Z,active
1189,1189,2026-08-11T11:12:42.721Z,71269852808,284.950402,4.749173367,4.749173367,2026-08-11T11:07:57.771Z,active
1194,1194,2026-08-11T11:17:42.721Z,71562623492,267.250399,4.454173317,4.454173317,2026-08-11T11:13:15.471Z,active
1199,1199,2026-08-11T11:22:42.721Z,71866252070,258.759399,4.312656650,4.312656650,2026-08-11T11:18:23.962Z,active
1205,1205,2026-08-11T11:28:42.721Z,72229355693,309.164400,5.152740000,5.152740000,2026-08-11T11:23:33.557Z,active
1210,1210,2026-08-11T11:33:42.721Z,72522257195,294.309403,4.905156717,4.905156717,2026-08-11T11:28:48.412Z,active
1215,1215,2026-08-11T11:38:42.721Z,72824451523,269.498398,4.491639967,4.491639967,2026-08-11T11:34:13.223Z,active
1220,1220,2026-08-11T11:43:42.721Z,73126641103,275.957402,4.599290033,4.599290033,2026-08-11T11:39:06.764Z,active
1226,1226,2026-08-11T11:49:42.721Z,73479667307,316.811399,5.280189983,5.280189983,2026-08-11T11:44:25.910Z,active
1231,1231,2026-08-11T11:54:42.721Z,73782641795,297.986396,4.966439933,4.966439933,2026-08-11T11:49:44.735Z,active
1236,1236,2026-08-11T11:59:42.721Z,74085877919,284.350396,4.739173267,4.739173267,2026-08-11T11:54:58.371Z,active
1241,1241,2026-08-11T12:04:42.721Z,74387226936,275.847399,4.597456650,4.597456650,2026-08-11T12:00:06.874Z,active
1247,1247,2026-08-11T12:10:42.721Z,74740697172,323.484398,5.391406633,5.391406633,2026-08-11T12:05:19.237Z,active
1252,1252,2026-08-11T12:15:42.721Z,75043066673,294.679399,4.911323317,4.911323317,2026-08-11T12:10:48.042Z,active
1257,1257,2026-08-11T12:20:42.721Z,75346171979,292.330399,4.872173317,4.872173317,2026-08-11T12:15:50.391Z,active
1262,1262,2026-08-11T12:25:42.721Z,75638419391,286.246403,4.770773383,4.770773383,2026-08-11T12:20:56.475Z,active
1267,1267,2026-08-11T12:30:42.721Z,75940174188,275.082400,4.584706667,4.584706667,2026-08-11T12:26:07.639Z,active
1272,1272,2026-08-11T12:35:42.721Z,76243279494,260.933400,4.348890000,4.348890000,2026-08-11T12:31:21.788Z,active
1277,1277,2026-08-11T12:40:42.721Z,76535919360,255.373403,4.256223383,4.256223383,2026-08-11T12:36:27.348Z,active
1283,1283,2026-08-11T12:46:42.721Z,76899292711,307.744400,5.129073333,5.129073333,2026-08-11T12:41:34.977Z,active
1288,1288,2026-08-11T12:51:42.721Z,77202267199,301.409402,5.023490033,5.023490033,2026-08-11T12:46:41.312Z,active
1293,1293,2026-08-11T12:56:42.721Z,77494877987,292.038401,4.867306683,4.867306683,2026-08-11T12:51:50.683Z,active
1298,1298,2026-08-11T13:01:42.721Z,77796936749,283.833403,4.730556717,4.730556717,2026-08-11T12:56:58.888Z,active
1303,1303,2026-08-11T13:06:42.721Z,78099911237,277.285399,4.621423317,4.621423317,2026-08-11T13:02:05.436Z,active
1309,1309,2026-08-11T13:12:42.721Z,78451856007,325.050400,5.417506667,5.417506667,2026-08-11T13:07:17.671Z,active
1314,1314,2026-08-11T13:17:42.721Z,78754699677,306.677401,5.111290017,5.111290017,2026-08-11T13:12:36.044Z,active
1319,1319,2026-08-11T13:22:42.721Z,79058328255,301.256401,5.020940017,5.020940017,2026-08-11T13:17:41.465Z,active
1324,1324,2026-08-11T13:27:42.721Z,79349127176,271.098398,4.518306633,4.518306633,2026-08-11T13:23:11.623Z,active
1330,1330,2026-08-11T13:33:42.721Z,79707699314,316.061400,5.267690000,5.267690000,2026-08-11T13:28:26.660Z,active
1336,1336,2026-08-11T13:39:42.721Z,80070042728,344.870402,5.747840033,5.747840033,2026-08-11T13:33:57.851Z,active
1342,1342,2026-08-11T13:45:42.721Z,80423906950,325.727409,5.428790150,5.428790150,2026-08-11T13:40:16.994Z,active
1347,1347,2026-08-11T13:50:42.721Z,80727180913,264.985400,4.416423333,4.416423333,2026-08-11T13:46:17.736Z,active
1353,1353,2026-08-11T13:56:42.721Z,81079081333,318.511399,5.308523317,5.308523317,2026-08-11T13:51:24.210Z,active
1358,1358,2026-08-11T14:01:42.721Z,81382464520,301.278398,5.021306633,5.021306633,2026-08-11T13:56:41.443Z,active
1363,1363,2026-08-11T14:06:42.721Z,81683738374,278.758397,4.645973283,4.645973283,2026-08-11T14:02:03.963Z,active
1368,1368,2026-08-11T14:11:42.721Z,81987105316,272.041401,4.534023350,4.534023350,2026-08-11T14:07:10.680Z,active
1373,1373,2026-08-11T14:16:42.721Z,82280043240,258.245401,4.304090017,4.304090017,2026-08-11T14:12:24.476Z,active
1379,1379,2026-08-11T14:22:42.721Z,82642147464,311.359400,5.189323333,5.189323333,2026-08-11T14:17:31.362Z,active
1384,1384,2026-08-11T14:27:42.721Z,82942814357,293.729395,4.895489917,4.895489917,2026-08-11T14:22:48.992Z,active
1389,1389,2026-08-11T14:32:42.721Z,83235454223,279.694397,4.661573283,4.661573283,2026-08-11T14:28:03.027Z,active
1394,1394,2026-08-11T14:37:42.721Z,83538167075,269.495401,4.491590017,4.491590017,2026-08-11T14:33:13.226Z,active
1399,1399,2026-08-11T14:42:42.721Z,83841130555,257.693419,4.294890317,4.294890317,2026-08-11T14:38:25.028Z,active
1405,1405,2026-08-11T14:48:42.721Z,84194469973,310.057405,5.167623417,5.167623417,2026-08-11T14:43:32.664Z,active
1410,1410,2026-08-11T14:53:42.721Z,84497551452,296.280403,4.938006717,4.938006717,2026-08-11T14:48:46.441Z,active
1415,1415,2026-08-11T14:58:42.721Z,84800787576,290.315400,4.838590000,4.838590000,2026-08-11T14:53:52.406Z,active
1420,1420,2026-08-11T15:03:42.721Z,85092642534,278.860402,4.647673367,4.647673367,2026-08-11T14:59:03.861Z,active
1425,1425,2026-08-11T15:08:42.721Z,85395029536,265.198399,4.419973317,4.419973317,2026-08-11T15:04:17.523Z,active
1431,1431,2026-08-11T15:14:42.721Z,85757918668,320.327399,5.338789983,5.338789983,2026-08-11T15:09:22.394Z,active
1436,1436,2026-08-11T15:19:42.721Z,86051619530,302.973399,5.049556650,5.049556650,2026-08-11T15:14:39.748Z,active
1441,1441,2026-08-11T15:24:42.721Z,86354594018,304.059401,5.067656683,5.067656683,2026-08-11T15:19:38.662Z,active
1446,1446,2026-08-11T15:29:42.721Z,86657909596,297.913397,4.965223283,4.965223283,2026-08-11T15:24:44.808Z,active
1451,1451,2026-08-11T15:34:42.721Z,86950287826,285.985398,4.766423300,4.766423300,2026-08-11T15:29:56.736Z,active
1456,1456,2026-08-11T15:39:42.721Z,87253785586,274.515400,4.575256667,4.575256667,2026-08-11T15:35:08.206Z,active
1462,1462,2026-08-11T15:45:42.721Z,87617463355,320.124397,5.335406617,5.335406617,2026-08-11T15:40:22.597Z,active
1467,1467,2026-08-11T15:50:42.721Z,87910757311,303.311398,5.055189967,5.055189967,2026-08-11T15:45:39.410Z,active
1472,1472,2026-08-11T15:55:42.721Z,88213987913,295.464402,4.924406700,4.924406700,2026-08-11T15:50:47.257Z,active
1477,1477,2026-08-11T16:00:42.721Z,88516700765,285.944411,4.765740183,4.765740183,2026-08-11T15:55:56.777Z,active
1482,1482,2026-08-11T16:05:42.721Z,88810256357,273.942399,4.565706650,4.565706650,2026-08-11T16:01:08.779Z,active
1488,1488,2026-08-11T16:11:42.721Z,89174048986,313.345398,5.222423300,5.222423300,2026-08-11T16:06:29.376Z,active
1493,1493,2026-08-11T16:16:42.721Z,89477677564,305.166404,5.086106733,5.086106733,2026-08-11T16:11:37.555Z,active
1498,1498,2026-08-11T16:21:42.721Z,89770573932,298.643400,4.977390000,4.977390000,2026-08-11T16:16:44.078Z,active
1503,1503,2026-08-11T16:26:42.721Z,90073679238,287.194402,4.786573367,4.786573367,2026-08-11T16:21:55.527Z,active
1508,1508,2026-08-11T16:31:42.721Z,90376321898,271.912400,4.531873333,4.531873333,2026-08-11T16:27:10.809Z,active
1513,1513,2026-08-11T16:36:42.721Z,90669877490,252.239402,4.203990033,4.203990033,2026-08-11T16:32:30.482Z,active
1519,1519,2026-08-11T16:42:42.721Z,91033682348,310.409399,5.173489983,5.173489983,2026-08-11T16:37:32.312Z,active
1524,1524,2026-08-11T16:47:42.721Z,91336586794,306.254400,5.104240000,5.104240000,2026-08-11T16:42:36.467Z,active
1529,1529,2026-08-11T16:52:42.721Z,91630142386,285.212399,4.753539983,4.753539983,2026-08-11T16:47:57.509Z,active
1534,1534,2026-08-11T16:57:42.721Z,91932865944,272.404399,4.540073317,4.540073317,2026-08-11T16:53:10.317Z,active
1540,1540,2026-08-11T17:03:42.721Z,92296147530,314.261400,5.237690000,5.237690000,2026-08-11T16:58:28.460Z,active
1545,1545,2026-08-11T17:08:42.721Z,92588927462,298.186400,4.969773333,4.969773333,2026-08-11T17:03:44.535Z,active
1550,1550,2026-08-11T17:13:42.721Z,92891378678,285.822402,4.763706700,4.763706700,2026-08-11T17:08:56.899Z,active
1555,1555,2026-08-11T17:18:42.721Z,93194745620,274.519399,4.575323317,4.575323317,2026-08-11T17:14:08.202Z,active
1561,1561,2026-08-11T17:24:42.721Z,93558540497,321.440401,5.357340017,5.357340017,2026-08-11T17:19:21.281Z,active
1566,1566,2026-08-11T17:29:42.721Z,93851049545,303.826399,5.063773317,5.063773317,2026-08-11T17:24:38.895Z,active
1571,1571,2026-08-11T17:34:42.721Z,94154137006,281.556398,4.692606633,4.692606633,2026-08-11T17:30:01.165Z,active
1576,1576,2026-08-11T17:39:42.721Z,94457111494,268.641404,4.477356733,4.477356733,2026-08-11T17:35:14.080Z,active
1581,1581,2026-08-11T17:44:42.721Z,94750489021,262.499398,4.374989967,4.374989967,2026-08-11T17:40:20.222Z,active
1587,1587,2026-08-11T17:50:42.721Z,95114163061,311.982398,5.199706633,5.199706633,2026-08-11T17:45:30.739Z,active
1592,1592,2026-08-11T17:55:42.721Z,95416745095,294.417400,4.906956667,4.906956667,2026-08-11T17:50:48.304Z,active
1597,1597,2026-08-11T18:00:42.721Z,95710786384,282.998399,4.716639983,4.716639983,2026-08-11T17:55:59.723Z,active
1602,1602,2026-08-11T18:05:42.721Z,96012975964,270.204402,4.503406700,4.503406700,2026-08-11T18:01:12.517Z,active
1607,1607,2026-08-11T18:10:42.721Z,96316812145,269.733403,4.495556717,4.495556717,2026-08-11T18:06:12.988Z,active
1613,1613,2026-08-11T18:16:42.721Z,96669759109,313.397402,5.223290033,5.223290033,2026-08-11T18:11:29.324Z,active
1618,1618,2026-08-11T18:21:42.721Z,96972578310,301.420399,5.023673317,5.023673317,2026-08-11T18:16:41.301Z,active
1623,1623,2026-08-11T18:26:42.721Z,97275945252,298.006401,4.966773350,4.966773350,2026-08-11T18:21:44.715Z,active
1628,1628,2026-08-11T18:31:42.721Z,97569500844,283.684398,4.728073300,4.728073300,2026-08-11T18:26:59.037Z,active
1633,1633,2026-08-11T18:36:42.721Z,97873161817,268.244401,4.470740017,4.470740017,2026-08-11T18:32:14.477Z,active
1639,1639,2026-08-11T18:42:42.721Z,98236966675,309.041401,5.150690017,5.150690017,2026-08-11T18:37:33.680Z,active
1644,1644,2026-08-11T18:47:42.721Z,98530029810,302.176402,5.036273367,5.036273367,2026-08-11T18:42:40.545Z,active
1649,1649,2026-08-11T18:52:42.721Z,98832873480,288.003399,4.800056650,4.800056650,2026-08-11T18:47:54.718Z,active
1654,1654,2026-08-11T18:57:42.721Z,99136836071,282.451401,4.707523350,4.707523350,2026-08-11T18:53:00.270Z,active
1659,1659,2026-08-11T19:02:42.721Z,99429737573,247.781399,4.129689983,4.129689983,2026-08-11T18:58:34.940Z,active
1665,1665,2026-08-11T19:08:42.721Z,99793542431,313.703397,5.228389950,5.228389950,2026-08-11T19:03:29.018Z,active
1670,1670,2026-08-11T19:13:42.721Z,100096889001,306.264403,5.104406717,5.104406717,2026-08-11T19:08:36.457Z,active
1675,1675,2026-08-11T19:18:42.721Z,100390052139,293.344399,4.889073317,4.889073317,2026-08-11T19:13:49.377Z,active
1680,1680,2026-08-11T19:23:42.721Z,100693359501,278.903400,4.648390000,4.648390000,2026-08-11T19:19:03.818Z,active
1686,1686,2026-08-11T19:29:42.721Z,101056379451,326.536400,5.442273333,5.442273333,2026-08-11T19:24:16.185Z,active
1692,1692,2026-08-11T19:35:42.721Z,101410335376,319.740401,5.329006683,5.329006683,2026-08-11T19:30:22.981Z,active
1698,1698,2026-08-11T19:41:42.721Z,101774140234,338.968397,5.649473283,5.649473283,2026-08-11T19:36:03.753Z,active
1703,1703,2026-08-11T19:46:42.721Z,102077459059,280.728399,4.678806650,4.678806650,2026-08-11T19:42:01.993Z,active
1708,1708,2026-08-11T19:51:42.721Z,102370622197,273.032399,4.550539983,4.550539983,2026-08-11T19:47:09.689Z,active
1714,1714,2026-08-11T19:57:42.721Z,102734010156,319.674399,5.327906650,5.327906650,2026-08-11T19:52:23.047Z,active
1719,1719,2026-08-11T20:02:42.721Z,103036853826,305.182402,5.086373367,5.086373367,2026-08-11T19:57:37.539Z,active
1724,1724,2026-08-11T20:07:42.721Z,103330409418,284.876400,4.747940000,4.747940000,2026-08-11T20:02:57.845Z,active
1729,1729,2026-08-11T20:12:42.721Z,103633354475,271.061399,4.517689983,4.517689983,2026-08-11T20:08:11.660Z,active
1735,1735,2026-08-11T20:18:42.721Z,103997159333,309.000402,5.150006700,5.150006700,2026-08-11T20:13:33.721Z,active
1740,1740,2026-08-11T20:23:42.721Z,104289896540,295.814400,4.930240000,4.930240000,2026-08-11T20:18:46.907Z,active
1745,1745,2026-08-11T20:28:42.721Z,104592478574,285.904402,4.765073367,4.765073367,2026-08-11T20:23:56.817Z,active
1750,1750,2026-08-11T20:33:42.721Z,104895989891,274.147399,4.569123317,4.569123317,2026-08-11T20:29:08.574Z,active
1756,1756,2026-08-11T20:39:42.721Z,105249460127,316.958400,5.282640000,5.282640000,2026-08-11T20:34:25.763Z,active
1761,1761,2026-08-11T20:44:42.721Z,105552565433,301.269401,5.021156683,5.021156683,2026-08-11T20:39:41.452Z,active
1766,1766,2026-08-11T20:49:42.721Z,105855941124,280.396400,4.673273333,4.673273333,2026-08-11T20:45:02.325Z,active
1771,1771,2026-08-11T20:54:42.721Z,106158915612,270.111399,4.501856650,4.501856650,2026-08-11T20:50:12.610Z,active
1777,1777,2026-08-11T21:00:42.721Z,106512126500,312.673396,5.211223267,5.211223267,2026-08-11T20:55:30.048Z,active
1782,1782,2026-08-11T21:05:42.721Z,106815362624,295.678403,4.927973383,4.927973383,2026-08-11T21:00:47.043Z,active
1787,1787,2026-08-11T21:10:42.721Z,107118585056,293.928402,4.898806700,4.898806700,2026-08-11T21:05:48.793Z,active
1792,1792,2026-08-11T21:15:42.721Z,107411224922,284.321406,4.738690100,4.738690100,2026-08-11T21:10:58.400Z,active
1797,1797,2026-08-11T21:20:42.721Z,107714722682,272.503399,4.541723317,4.541723317,2026-08-11T21:16:10.218Z,active
1803,1803,2026-08-11T21:26:42.721Z,108077908968,322.990401,5.383173350,5.383173350,2026-08-11T21:21:19.731Z,active
1808,1808,2026-08-11T21:31:42.721Z,108371072106,308.508402,5.141806700,5.141806700,2026-08-11T21:26:34.213Z,active
1813,1813,2026-08-11T21:36:42.721Z,108674169904,291.232401,4.853873350,4.853873350,2026-08-11T21:31:51.489Z,active
1818,1818,2026-08-11T21:41:42.721Z,108977929300,283.150398,4.719173300,4.719173300,2026-08-11T21:36:59.571Z,active
1823,1823,2026-08-11T21:46:42.721Z,109270704992,268.202400,4.470040000,4.470040000,2026-08-11T21:42:14.519Z,active
1829,1829,2026-08-11T21:52:42.721Z,109633986578,321.239400,5.353990000,5.353990000,2026-08-11T21:47:21.482Z,active
1834,1834,2026-08-11T21:57:42.721Z,109937400265,301.048399,5.017473317,5.017473317,2026-08-11T21:52:41.673Z,active
1839,1839,2026-08-11T22:02:42.721Z,110229516859,292.453415,4.874223583,4.874223583,2026-08-11T21:57:50.268Z,active
1844,1844,2026-08-11T22:07:42.721Z,110533318255,281.339395,4.688989917,4.688989917,2026-08-11T22:03:01.382Z,active
1849,1849,2026-08-11T22:12:42.721Z,110836685197,272.398398,4.539973300,4.539973300,2026-08-11T22:08:10.323Z,active
1855,1855,2026-08-11T22:18:42.721Z,111190230375,318.896400,5.314940000,5.314940000,2026-08-11T22:13:23.825Z,active
1860,1860,2026-08-11T22:23:42.721Z,111493597317,303.819402,5.063656700,5.063656700,2026-08-11T22:18:38.902Z,active
1865,1865,2026-08-11T22:28:42.721Z,111797109918,289.113401,4.818556683,4.818556683,2026-08-11T22:23:53.608Z,active
1870,1870,2026-08-11T22:33:42.721Z,112090011420,274.314400,4.571906667,4.571906667,2026-08-11T22:29:08.407Z,active
1875,1875,2026-08-11T22:38:42.721Z,112393770816,261.725397,4.362089950,4.362089950,2026-08-11T22:34:20.996Z,active
1881,1881,2026-08-11T22:44:42.721Z,112756930193,308.330401,5.138840017,5.138840017,2026-08-11T22:39:34.391Z,active
1886,1886,2026-08-11T22:49:42.721Z,113050093331,298.111402,4.968523367,4.968523367,2026-08-11T22:44:44.610Z,active
