``completed_at,seconds_since_prev_refresh
2026-06-11T08:37:13.073Z,571
2026-06-11T08:27:41.418Z,313
2026-06-11T08:22:27.927Z,456
2026-06-11T08:14:51.879Z,587
2026-06-11T08:05:04.105Z,436
2026-06-11T07:57:47.301Z,622
2026-06-11T07:47:24.442Z,510
2026-06-11T07:38:53.594Z,601
2026-06-11T07:28:52.582Z,506
2026-06-11T07:20:25.807Z,396
2026-06-11T07:13:49.476Z,602
2026-06-11T07:03:46.537Z,581
2026-06-11T06:54:04.983Z,474
2026-06-11T06:46:10.764Z,420
2026-06-11T06:39:10.606Z,634
2026-06-11T06:28:36.281Z,504
2026-06-11T06:20:11.923Z,374
2026-06-11T06:13:57.557Z,616
2026-06-11T06:03:41.210Z,348
2026-06-11T05:57:53.197Z,592
2026-06-11T05:48:00.278Z,600
2026-06-11T05:38:00.206Z,608
2026-06-11T05:27:51.827Z,621
2026-06-11T05:17:30.002Z,275
2026-06-11T05:12:54.073Z,642
2026-06-11T05:02:11.428Z,468
2026-06-11T04:54:22.447Z,392
2026-06-11T04:47:49.900Z,590
2026-06-11T04:37:59.103Z,564
2026-06-11T04:28:34.184Z,493
2026-06-11T04:20:21.134Z,511
2026-06-11T04:11:49.247Z,482
2026-06-11T04:03:46.424Z,626
2026-06-11T03:53:19.905Z,428
2026-06-11T03:46:11.352Z,447
2026-06-11T03:38:43.881Z,616
2026-06-11T03:28:27.557Z,558
2026-06-11T03:19:08.830Z,329
2026-06-11T03:13:39.164Z,620
2026-06-11T03:03:18.256Z,588
2026-06-11T02:53:29.537Z,434
2026-06-11T02:46:15.443Z,462
2026-06-11T02:38:32.566Z,601
2026-06-11T02:28:30.569Z,478
2026-06-11T02:20:31.884Z,299
2026-06-11T02:15:32.683Z,293
2026-06-11T02:10:38.981Z,518
2026-06-11T02:02:00.855Z,478
2026-06-11T01:54:01.869Z,307
2026-06-11T01:48:54.722Z,594
2026-06-11T01:39:00.268Z,634
2026-06-11T01:28:25.450Z,556
2026-06-11T01:19:09.408Z,461
2026-06-11T01:11:27.743Z,351
2026-06-11T01:05:36.280Z,592
2026-06-11T00:55:43.873Z,595
2026-06-11T00:45:48.039Z,371
2026-06-11T00:39:36.654Z,276
2026-06-11T00:35:00.391Z,486
2026-06-11T00:26:53.936Z,631
2026-06-11T00:16:22.557Z,285
2026-06-11T00:11:37.051Z,572
2026-06-11T00:02:04.749Z,545
2026-06-10T23:52:59.018Z,374
2026-06-10T23:46:44.054Z,599
2026-06-10T23:36:44.340Z,608
2026-06-10T23:26:35.803Z,572
2026-06-10T23:17:03.699Z,453
2026-06-10T23:09:30.049Z,483
2026-06-10T23:01:26.400Z,426
2026-06-10T22:54:19.555Z,274
2026-06-10T22:49:44.770Z,585
2026-06-10T22:39:59.606Z,495
2026-06-10T22:31:44.526Z,603
2026-06-10T22:21:40.960Z,591
2026-06-10T22:11:49.487Z,570
2026-06-10T22:02:18.871Z,568
2026-06-10T21:52:50.174Z,321
2026-06-10T21:47:28.269Z,301
2026-06-10T21:42:26.394Z,464
2026-06-10T21:34:41.794Z,418
2026-06-10T21:27:42.995Z,594
2026-06-10T21:17:48.180Z,495
2026-06-10T21:09:32.389Z,587
2026-06-10T20:59:44.948Z,586
2026-06-10T20:49:58.260Z,603
2026-06-10T20:39:54.350Z,607
2026-06-10T20:29:46.400Z,625
2026-06-10T20:19:20.786Z,271
2026-06-10T20:14:49.300Z,619
2026-06-10T20:04:29.534Z,577
2026-06-10T19:54:52.041Z,613
2026-06-10T19:44:38.731Z,589
2026-06-10T19:34:48.943Z,380
2026-06-10T19:28:28.732Z,418
2026-06-10T19:21:30.218Z,578
2026-06-10T19:11:51.686Z,504
2026-06-10T19:03:26.906Z,616
2026-06-10T18:53:10.473Z,593
2026-06-10T18:43:17.417Z,294
2026-06-10T18:38:22.975Z,270
2026-06-10T18:33:52.678Z,548
2026-06-10T18:24:43.746Z,458
2026-06-10T18:17:04.895Z,281
2026-06-10T18:12:23.155Z,270
2026-06-10T18:07:52.345Z,403
2026-06-10T18:01:09.055Z,277
2026-06-10T17:56:31.315Z,596
2026-06-10T17:46:34.802Z,599
2026-06-10T17:36:35.179Z,599
2026-06-10T17:26:35.328Z,605
2026-06-10T17:16:29.762Z,471
2026-06-10T17:08:38.363Z,409
2026-06-10T17:01:49.079Z,554
2026-06-10T16:52:34.925Z,363
2026-06-10T16:46:31.750Z,577
2026-06-10T16:36:54.225Z,502
2026-06-10T16:28:32.067Z,542
2026-06-10T16:19:29.808Z,463
2026-06-10T16:11:46.698Z,564
2026-06-10T16:02:22.570Z,609
2026-06-10T15:52:12.910Z,290
2026-06-10T15:47:22.856Z,362
2026-06-10T15:41:20.648Z,586
2026-06-10T15:31:34.181Z,625
2026-06-10T15:21:08.720Z,306
2026-06-10T15:16:02.703Z,256
2026-06-10T15:11:46.526Z,435
2026-06-10T15:04:31.209Z,603
2026-06-10T14:54:28.097Z,598
2026-06-10T14:44:29.918Z,612
2026-06-10T14:34:17.568Z,305
2026-06-10T14:29:11.648Z,280
2026-06-10T14:24:31.540Z,584
2026-06-10T14:14:46.542Z,389
2026-06-10T14:08:16.686Z,293
2026-06-10T14:03:23.521Z,494
2026-06-10T13:55:08.782Z,338
2026-06-10T13:49:30.660Z,603
2026-06-10T13:39:26.849Z,568
2026-06-10T13:29:58.711Z,514
2026-06-10T13:21:24.321Z,606
2026-06-10T13:11:17.650Z,559
2026-06-10T13:01:57.992Z,492
2026-06-10T12:53:45.401Z,474
2026-06-10T12:45:51.140Z,370
2026-06-10T12:39:40.396Z,612
2026-06-10T12:29:28.189Z,562
2026-06-10T12:20:05.993Z,295
2026-06-10T12:15:10.792Z,281
2026-06-10T12:10:29.581Z,605
2026-06-10T12:00:24.349Z,614
2026-06-10T11:50:10.205Z,299
2026-06-10T11:45:10.467Z,249
2026-06-10T11:41:00.984Z,235
2026-06-10T11:37:05.690Z,245
2026-06-10T11:33:00.688Z,578
2026-06-10T11:23:21.932Z,599
2026-06-10T11:13:22.931Z,600
2026-06-10T11:03:22.519Z,602
2026-06-10T10:53:20.256Z,357
2026-06-10T10:47:23.164Z,600
2026-06-10T10:37:22.861Z,558
2026-06-10T10:28:04.271Z,447
2026-06-10T10:20:36.498Z,506
2026-06-10T10:12:09.911Z,422
2026-06-10T10:05:07.738Z,284
2026-06-10T10:00:22.928Z,559
2026-06-10T09:51:03.753Z,287
2026-06-10T09:46:16.428Z,252
2026-06-10T09:42:04.141Z,277
2026-06-10T09:37:26.851Z,611
2026-06-10T09:27:15.801Z,590
2026-06-10T09:17:25.627Z,566
2026-06-10T09:07:58.657Z,341
2026-06-10T09:02:17.297Z,287
2026-06-10T08:57:29.417Z,605
2026-06-10T08:47:24.159Z,516
2026-06-10T08:38:47.704Z,557
2026-06-10T08:29:30.300Z,602
2026-06-10T08:19:28.161Z,418
2026-06-10T08:12:30.077Z,601
2026-06-10T08:02:28.392Z,481
2026-06-10T07:54:26.952Z,472
2026-06-10T07:46:34.599Z,273
2026-06-10T07:42:01.570Z,252
2026-06-10T07:37:49.504Z,508
2026-06-10T07:29:21.186Z,593
2026-06-10T07:19:27.629Z,610
2026-06-10T07:09:17.342Z,548
2026-06-10T07:00:08.380Z,289
2026-06-10T06:55:18.879Z,589
2026-06-10T06:45:29.552Z,606
2026-06-10T06:35:23.246Z,480
2026-06-10T06:27:22.979Z,598
2026-06-10T06:17:24.349Z,297
2026-06-10T06:12:27.038Z,604
2026-06-10T06:02:22.384Z,597
2026-06-10T05:52:24.591Z,349
2026-06-10T05:46:34.647Z,608
2026-06-10T05:36:25.660Z,548
2026-06-10T05:27:16.849Z,571
2026-06-10T05:17:45.358Z,527
2026-06-10T05:08:57.418Z,460
2026-06-10T05:01:16.932Z,295
2026-06-10T04:56:21.504Z,558
2026-06-10T04:47:03.285Z,291
2026-06-10T04:42:11.583Z,292
2026-06-10T04:37:19.076Z,542
2026-06-10T04:28:16.417Z,323
2026-06-10T04:22:52.498Z,369
2026-06-10T04:16:42.560Z,328
2026-06-10T04:11:14.342Z,562
2026-06-10T04:01:51.939Z,560
2026-06-10T03:52:31.477Z,441
2026-06-10T03:45:09.918Z,546
2026-06-10T03:36:03.001Z,487
2026-06-10T03:27:55.718Z,509
2026-06-10T03:19:26.664Z,497
2026-06-10T03:11:08.739Z,539
2026-06-10T03:02:09.630Z,554
2026-06-10T02:52:55.581Z,398
2026-06-10T02:46:17.249Z,379
2026-06-10T02:39:57.955Z,276
2026-06-10T02:35:21.004Z,553
2026-06-10T02:26:07.945Z,341
2026-06-10T02:20:26.180Z,268
2026-06-10T02:15:57.771Z,224
2026-06-10T02:12:13.139Z,557
2026-06-10T02:02:56.127Z,546
2026-06-10T01:53:49.846Z,289
2026-06-10T01:49:00.221Z,461
2026-06-10T01:41:18.313Z,286
2026-06-10T01:36:31.667Z,554
2026-06-10T01:27:17.257Z,552
2026-06-10T01:18:05.035Z,283
2026-06-10T01:13:21.141Z,595
2026-06-10T01:03:25.849Z,551
2026-06-10T00:54:13.857Z,589
2026-06-10T00:44:24.300Z,433
2026-06-10T00:37:10.454Z,540
2026-06-10T00:28:09.667Z,535
2026-06-10T00:19:13.842Z,542
2026-06-10T00:10:11.321Z,598
2026-06-10T00:00:12.882Z,569
2026-06-09T23:50:43.063Z,262
2026-06-09T23:46:20.755Z,567
2026-06-09T23:36:53.376Z,228
2026-06-09T23:33:04.679Z,468
2026-06-09T23:25:16.509Z,368
2026-06-09T23:19:07.680Z,468
2026-06-09T23:11:19.206Z,496
2026-06-09T23:03:02.453Z,542
2026-06-09T22:54:00.206Z,375
2026-06-09T22:47:44.448Z,475
2026-06-09T22:39:49.318Z,277
2026-06-09T22:35:11.618Z,542
2026-06-09T22:26:09.501Z,565
2026-06-09T22:16:44.201Z,336
2026-06-09T22:11:07.239Z,565
2026-06-09T22:01:42.106Z,405
2026-06-09T21:54:56.624Z,283
2026-06-09T21:50:13.493Z,561
2026-06-09T21:40:52.426Z,278
2026-06-09T21:36:13.787Z,552
2026-06-09T21:27:00.853Z,250
2026-06-09T21:22:50.100Z,260
2026-06-09T21:18:29.502Z,260
2026-06-09T21:14:08.588Z,283
2026-06-09T21:09:25.227Z,576
2026-06-09T20:59:49.013Z,312
2026-06-09T20:54:36.352Z,302
2026-06-09T20:49:34.024Z,585
2026-06-09T20:39:48.026Z,534
2026-06-09T20:30:53.180Z,272
2026-06-09T20:26:20.631Z,571
2026-06-09T20:16:49.503Z,403
2026-06-09T20:10:06.483Z,null
``