source_line,iteration,observed_at,raw_rows,query_number,query_name,latency_sec,compilation_sec,execution_sec,residual_sec,included_in_plot,exclusion_reason,display_compilation_sec,display_execution_sec
2,2,2026-08-11T11:28:57Z,532996784,1,Single-symbol summary,0.226,0.184,0.042,6.938893903907228e-18,True,,0.1905,0.07900000000000001
3,3,2026-08-11T11:38:57Z,1108625165,1,Single-symbol summary,0.321,0.264,0.057,-6.938893903907228e-18,True,,0.184,0.08100000000000002
4,4,2026-08-11T11:48:57Z,1658912507,1,Single-symbol summary,0.265,0.176,0.089,2.7755575615628914e-17,True,,0.1905,0.07900000000000001
5,5,2026-08-11T11:58:57Z,2217147353,1,Single-symbol summary,0.274,0.197,0.077,1.3877787807814457e-17,True,,0.197,0.07700000000000001
6,6,2026-08-11T12:08:57Z,2786291244,1,Single-symbol summary,0.247,0.144,0.103,1.3877787807814457e-17,True,,0.217,0.08499999999999999
7,7,2026-08-11T12:18:57Z,3343738155,1,Single-symbol summary,0.331,0.222,0.109,1.3877787807814457e-17,True,,0.217,0.08499999999999999
8,8,2026-08-11T12:28:57Z,3899391577,1,Single-symbol summary,0.302,0.217,0.085,-1.3877787807814457e-17,True,,0.217,0.08499999999999999
9,9,2026-08-11T12:38:57Z,4448004794,1,Single-symbol summary,0.369,0.275,0.094,-2.7755575615628914e-17,True,,0.217,0.08499999999999999
10,10,2026-08-11T12:48:57Z,5002254267,1,Single-symbol summary,0.369,0.263,0.106,-1.3877787807814457e-17,True,,0.217,0.11400000000000002
11,11,2026-08-11T12:58:57Z,5553730140,1,Single-symbol summary,0.292,0.2,0.092,-2.7755575615628914e-17,True,,0.217,0.15
12,12,2026-08-11T13:08:57Z,6107183801,1,Single-symbol summary,0.234,0.121,0.113,1.3877787807814457e-17,True,,0.2,0.16699999999999998
13,13,2026-08-11T13:18:57Z,6662885451,1,Single-symbol summary,0.367,0.188,0.179,0.0,True,,0.196,0.11299999999999999
14,14,2026-08-11T13:28:57Z,7220407062,1,Single-symbol summary,0.478,0.361,0.117,-1.3877787807814457e-17,True,,0.188,0.10400000000000004
15,15,2026-08-11T13:38:57Z,7772453021,1,Single-symbol summary,0.238,0.135,0.103,-1.3877787807814457e-17,True,,0.188,0.121
16,16,2026-08-11T13:48:57Z,8327660844,1,Single-symbol summary,0.309,0.196,0.113,-1.3877787807814457e-17,True,,0.188,0.124
17,17,2026-08-11T13:58:57Z,8869790384,1,Single-symbol summary,0.277,0.148,0.129,2.7755575615628914e-17,True,,0.167,0.142
18,18,2026-08-11T14:08:57Z,9416167217,1,Single-symbol summary,0.399,0.282,0.117,4.163336342344337e-17,True,,0.167,0.142
19,19,2026-08-11T14:18:57Z,9966828956,1,Single-symbol summary,0.312,0.167,0.145,0.0,True,,0.185,0.124
20,20,2026-08-11T14:28:57Z,10515573711,1,Single-symbol summary,0.276,0.12,0.156,2.7755575615628914e-17,True,,0.185,0.127
21,21,2026-08-11T14:38:57Z,11061458462,1,Single-symbol summary,0.38,0.246,0.134,0.0,True,,0.246,0.134
22,22,2026-08-11T14:48:57Z,11598082800,1,Single-symbol summary,0.292,0.185,0.107,-1.3877787807814457e-17,True,,0.246,0.134
23,23,2026-08-11T14:58:57Z,12155361632,1,Single-symbol summary,0.422,0.289,0.133,0.0,True,,0.246,0.134
24,24,2026-08-11T15:08:57Z,12686918328,1,Single-symbol summary,0.452,0.317,0.135,0.0,True,,0.246,0.134
25,25,2026-08-11T15:18:57Z,13239818975,1,Single-symbol summary,0.595,0.337,0.258,-5.551115123125783e-17,True,,0.288,0.134
26,26,2026-08-11T15:28:57Z,13783825272,1,Single-symbol summary,0.331,0.192,0.139,0.0,True,,0.288,0.134
27,27,2026-08-11T15:38:57Z,14320432691,1,Single-symbol summary,0.298,0.174,0.124,0.0,True,,0.228,0.147
28,28,2026-08-11T15:48:57Z,14865686419,1,Single-symbol summary,0.444,0.288,0.156,2.7755575615628914e-17,True,,0.192,0.183
29,29,2026-08-11T15:58:57Z,15406449067,1,Single-symbol summary,0.251,0.11,0.141,2.7755575615628914e-17,True,,0.192,0.183
30,30,2026-08-11T16:08:57Z,15953152260,1,Single-symbol summary,0.375,0.228,0.147,0.0,True,,0.228,0.16
31,31,2026-08-11T16:18:57Z,16496810019,1,Single-symbol summary,0.388,0.192,0.196,0.0,True,,0.272,0.15800000000000003
32,32,2026-08-11T16:28:57Z,17037168163,1,Single-symbol summary,0.441,0.293,0.148,2.7755575615628914e-17,True,,0.228,0.16
33,33,2026-08-11T16:38:57Z,17587595862,1,Single-symbol summary,0.439,0.274,0.165,-2.7755575615628914e-17,True,,0.272,0.15800000000000003
34,34,2026-08-11T16:48:57Z,18120902444,1,Single-symbol summary,0.43,0.272,0.158,-2.7755575615628914e-17,True,,0.272,0.15800000000000003
35,35,2026-08-11T16:58:57Z,18664388826,1,Single-symbol summary,0.353,0.199,0.154,-2.7755575615628914e-17,True,,0.272,0.15800000000000003
36,36,2026-08-11T17:08:57Z,19216193045,1,Single-symbol summary,0.474,0.341,0.133,-5.551115123125783e-17,True,,0.272,0.15800000000000003
37,37,2026-08-11T17:18:57Z,19745883933,1,Single-symbol summary,0.398,0.097,0.301,5.551115123125783e-17,True,,0.25,0.14800000000000002
38,38,2026-08-11T17:28:57Z,20305329136,1,Single-symbol summary,0.397,0.233,0.164,0.0,True,,0.233,0.164
39,39,2026-08-11T17:38:57Z,20844684066,1,Single-symbol summary,0.44,0.288,0.152,2.7755575615628914e-17,True,,0.25,0.14800000000000002
40,40,2026-08-11T17:48:57Z,21391428069,1,Single-symbol summary,0.391,0.25,0.141,2.7755575615628914e-17,True,,0.233,0.164
41,41,2026-08-11T17:58:57Z,21938345201,1,Single-symbol summary,0.36,0.204,0.156,0.0,True,,0.25,0.14700000000000002
42,42,2026-08-11T18:08:57Z,22480394175,1,Single-symbol summary,0.437,0.275,0.162,-2.7755575615628914e-17,True,,0.25,0.14100000000000001
43,43,2026-08-11T18:18:57Z,23027036303,1,Single-symbol summary,0.228,0.062,0.166,0.0,True,,0.25,0.14100000000000001
44,44,2026-08-11T18:28:57Z,23563684837,1,Single-symbol summary,0.467,0.319,0.148,2.7755575615628914e-17,True,,0.212,0.157
45,45,2026-08-11T18:38:57Z,24108292723,1,Single-symbol summary,0.369,0.205,0.164,0.0,True,,0.265,0.16700000000000004
46,46,2026-08-11T18:48:57Z,24651647019,1,Single-symbol summary,0.432,0.269,0.163,-2.7755575615628914e-17,True,,0.265,0.16700000000000004
47,47,2026-08-11T18:58:57Z,25200289313,1,Single-symbol summary,0.366,0.212,0.154,0.0,True,,0.269,0.19799999999999995
48,48,2026-08-11T19:08:57Z,25747852434,1,Single-symbol summary,0.475,0.265,0.21,-2.7755575615628914e-17,True,,0.265,0.173
49,49,2026-08-11T19:18:57Z,26283076869,1,Single-symbol summary,0.685,0.387,0.298,5.551115123125783e-17,True,,0.265,0.173
50,50,2026-08-11T19:28:57Z,26820178083,1,Single-symbol summary,0.508,0.321,0.187,0.0,True,,0.265,0.20999999999999996
51,51,2026-08-11T19:38:57Z,27375417517,1,Single-symbol summary,0.438,0.265,0.173,0.0,True,,0.265,0.20999999999999996
52,52,2026-08-11T19:48:57Z,27918995748,1,Single-symbol summary,0.406,0.248,0.158,2.7755575615628914e-17,True,,0.265,0.173
53,53,2026-08-11T19:58:57Z,28455528243,1,Single-symbol summary,0.477,0.301,0.176,0.0,True,,0.264,0.174
54,54,2026-08-11T20:08:57Z,28993570106,1,Single-symbol summary,0.276,0.095,0.181,2.7755575615628914e-17,True,,0.248,0.16400000000000003
55,55,2026-08-11T20:18:57Z,29545700964,1,Single-symbol summary,0.405,0.234,0.171,0.0,True,,0.234,0.17200000000000001
56,56,2026-08-11T20:28:57Z,30083988028,1,Single-symbol summary,0.442,0.264,0.178,0.0,True,,0.234,0.17800000000000002
57,57,2026-08-11T20:38:57Z,30630575890,1,Single-symbol summary,0.412,0.228,0.184,-2.7755575615628914e-17,True,,0.228,0.17700000000000002
58,58,2026-08-11T20:48:57Z,31165284381,1,Single-symbol summary,0.38,0.181,0.199,0.0,True,,0.234,0.17800000000000002
59,59,2026-08-11T20:58:57Z,31720586913,1,Single-symbol summary,0.553,0.349,0.204,8.326672684688674e-17,True,,0.264,0.178
60,60,2026-08-11T21:08:57Z,32256432850,1,Single-symbol summary,0.373,0.148,0.225,0.0,True,,0.271,0.242
61,61,2026-08-11T21:18:57Z,32804567571,1,Single-symbol summary,0.513,0.271,0.242,0.0,True,,0.271,0.242
62,62,2026-08-11T21:28:57Z,33359668543,1,Single-symbol summary,0.76,0.561,0.199,-5.551115123125783e-17,True,,0.271,0.242
63,63,2026-08-11T21:38:57Z,33893505898,1,Single-symbol summary,0.586,0.36,0.226,-2.7755575615628914e-17,True,,0.269,0.22699999999999998
64,64,2026-08-11T21:48:57Z,34442826434,1,Single-symbol summary,0.496,0.269,0.227,-2.7755575615628914e-17,True,,0.271,0.242
65,65,2026-08-11T21:58:57Z,34990195086,1,Single-symbol summary,0.289,0.087,0.202,-2.7755575615628914e-17,True,,0.277,0.22399999999999998
66,66,2026-08-11T22:08:57Z,35543561911,1,Single-symbol summary,0.468,0.251,0.217,2.7755575615628914e-17,True,,0.269,0.22699999999999998
67,67,2026-08-11T22:18:57Z,36086551556,1,Single-symbol summary,0.605,0.282,0.323,0.0,True,,0.269,0.19899999999999995
68,68,2026-08-11T22:28:57Z,36629144961,1,Single-symbol summary,0.501,0.277,0.224,-2.7755575615628914e-17,True,,0.255,0.21200000000000002
69,69,2026-08-11T22:38:57Z,37176739226,1,Single-symbol summary,0.446,0.255,0.191,0.0,True,,0.255,0.21200000000000002
70,70,2026-08-11T22:48:57Z,37714068818,1,Single-symbol summary,0.467,0.275,0.192,0.0,True,,0.275,0.192
71,71,2026-08-11T22:58:57Z,38258658415,1,Single-symbol summary,0.449,0.224,0.225,0.0,True,,0.275,0.192
72,72,2026-08-11T23:08:57Z,38815458699,1,Single-symbol summary,0.428,0.241,0.187,0.0,True,,0.274,0.193
73,73,2026-08-11T23:18:57Z,39353814542,1,Single-symbol summary,0.561,0.281,0.28,0.0,True,,0.274,0.21299999999999997
74,74,2026-08-11T23:28:57Z,39910561199,1,Single-symbol summary,0.509,0.289,0.22,2.7755575615628914e-17,True,,0.266,0.22099999999999997
75,75,2026-08-11T23:38:57Z,40450795463,1,Single-symbol summary,0.487,0.274,0.213,-2.7755575615628914e-17,True,,0.274,0.22999999999999998
76,76,2026-08-11T23:48:57Z,41001235716,1,Single-symbol summary,0.504,0.257,0.247,0.0,True,,0.274,0.22999999999999998
77,77,2026-08-11T23:58:57Z,41541364286,1,Single-symbol summary,0.475,0.266,0.209,-2.7755575615628914e-17,True,,0.266,0.22099999999999997
78,78,2026-08-12T00:08:57Z,42087321356,1,Single-symbol summary,0.558,0.294,0.264,5.551115123125783e-17,True,,0.257,0.21799999999999997
79,79,2026-08-12T00:18:57Z,42638946619,1,Single-symbol summary,0.338,0.047,0.291,5.551115123125783e-17,True,,0.257,0.21799999999999997
80,80,2026-08-12T00:28:57Z,43189555601,1,Single-symbol summary,0.462,0.239,0.223,2.7755575615628914e-17,True,,0.239,0.22299999999999998
81,81,2026-08-12T00:38:57Z,43737335549,1,Single-symbol summary,0.308,0.11,0.198,0.0,True,,0.11,0.22799999999999998
82,82,2026-08-12T00:48:57Z,44285385932,1,Single-symbol summary,0.507,0.266,0.241,0.0,True,,0.11,0.22799999999999998
83,83,2026-08-12T00:58:57Z,44819116712,1,Single-symbol summary,0.3,0.064,0.236,0.0,True,,0.239,0.22299999999999998
84,84,2026-08-12T01:08:57Z,45370941730,1,Single-symbol summary,0.298,0.072,0.226,-2.7755575615628914e-17,True,,0.266,0.241
85,85,2026-08-12T01:18:57Z,45915210443,1,Single-symbol summary,0.704,0.466,0.238,-5.551115123125783e-17,True,,0.286,0.25000000000000006
86,86,2026-08-12T01:28:57Z,46469268846,1,Single-symbol summary,0.668,0.391,0.277,0.0,True,,0.332,0.27899999999999997
87,87,2026-08-12T01:38:57Z,47014619196,1,Single-symbol summary,0.611,0.332,0.279,-5.551115123125783e-17,True,,0.332,0.27899999999999997
88,88,2026-08-12T01:48:57Z,47557887173,1,Single-symbol summary,0.536,0.286,0.25,5.551115123125783e-17,True,,0.381,0.245
89,89,2026-08-12T01:58:57Z,48108937450,1,Single-symbol summary,0.655,0.405,0.25,0.0,True,,0.332,0.27899999999999997
90,90,2026-08-12T02:08:57Z,48654354733,1,Single-symbol summary,0.495,0.217,0.278,0.0,True,,0.311,0.2810000000000001
91,91,2026-08-12T02:18:57Z,49198792764,1,Single-symbol summary,0.626,0.381,0.245,0.0,True,,0.311,0.26500000000000007
92,92,2026-08-12T02:28:57Z,49752959746,1,Single-symbol summary,0.572,0.307,0.265,-5.551115123125783e-17,True,,0.311,0.26500000000000007
93,93,2026-08-12T02:38:57Z,50295558507,1,Single-symbol summary,0.592,0.311,0.281,-5.551115123125783e-17,True,,0.311,0.26500000000000007
94,94,2026-08-12T02:48:57Z,50839423797,1,Single-symbol summary,0.576,0.312,0.264,-5.551115123125783e-17,True,,0.311,0.2810000000000001
95,95,2026-08-12T02:58:57Z,51388846496,1,Single-symbol summary,0.51,0.237,0.273,0.0,True,,0.311,0.2810000000000001
96,96,2026-08-12T03:08:57Z,51921113849,1,Single-symbol summary,0.619,0.337,0.282,0.0,True,,0.311,0.2810000000000001
97,97,2026-08-12T03:18:57Z,52476957308,1,Single-symbol summary,0.629,0.24,0.389,0.0,True,,0.296,0.2800000000000001
98,98,2026-08-12T03:28:57Z,53013859627,1,Single-symbol summary,0.714,0.414,0.3,0.0,True,,0.296,0.323
99,99,2026-08-12T03:38:57Z,53553602030,1,Single-symbol summary,0.567,0.296,0.271,-5.551115123125783e-17,True,,0.296,0.323
100,100,2026-08-12T03:48:57Z,54096739316,1,Single-symbol summary,0.522,0.255,0.267,0.0,True,,0.288,0.341
101,101,2026-08-12T03:58:57Z,54638958461,1,Single-symbol summary,0.65,0.362,0.288,5.551115123125783e-17,True,,0.296,0.3539999999999999
102,102,2026-08-12T04:08:57Z,55184688243,1,Single-symbol summary,0.541,0.273,0.268,0.0,True,,0.296,0.27899999999999997
103,103,2026-08-12T04:18:57Z,55728939933,1,Single-symbol summary,0.664,0.288,0.376,5.551115123125783e-17,True,,0.301,0.338
104,104,2026-08-12T04:28:57Z,56273535672,1,Single-symbol summary,0.652,0.378,0.274,0.0,True,,0.301,0.338
105,105,2026-08-12T04:38:57Z,56810381460,1,Single-symbol summary,0.575,0.301,0.274,-5.551115123125783e-17,True,,0.301,0.338
106,106,2026-08-12T04:48:57Z,57362361385,1,Single-symbol summary,0.639,0.368,0.271,0.0,True,,0.301,0.338
107,107,2026-08-12T04:58:57Z,57913493016,1,Single-symbol summary,0.504,0.243,0.261,0.0,True,,0.301,0.27399999999999997
108,108,2026-08-12T05:08:57Z,58446958006,1,Single-symbol summary,0.69,0.397,0.293,-5.551115123125783e-17,True,,0.272,0.2909999999999999
109,109,2026-08-12T05:18:57Z,58996538773,1,Single-symbol summary,0.451,0.125,0.326,0.0,True,,0.272,0.2909999999999999
110,110,2026-08-12T05:28:57Z,59543392881,1,Single-symbol summary,0.563,0.272,0.291,-5.551115123125783e-17,True,,0.272,0.2909999999999999
111,111,2026-08-12T05:38:57Z,60095495207,1,Single-symbol summary,0.544,0.271,0.273,0.0,True,,0.291,0.27599999999999997
112,112,2026-08-12T05:48:57Z,60639957737,1,Single-symbol summary,0.7,0.388,0.312,-5.551115123125783e-17,True,,0.291,0.27599999999999997
113,113,2026-08-12T05:58:57Z,61187361357,1,Single-symbol summary,0.656,0.335,0.321,0.0,True,,0.291,0.288
114,114,2026-08-12T06:08:57Z,61731139656,1,Single-symbol summary,0.567,0.291,0.276,-5.551115123125783e-17,True,,0.291,0.288
115,115,2026-08-12T06:18:57Z,62279567684,1,Single-symbol summary,0.623,0.321,0.302,0.0,True,,0.291,0.288
116,116,2026-08-12T06:28:57Z,62825580983,1,Single-symbol summary,0.579,0.204,0.375,0.0,True,,0.211,0.356
117,117,2026-08-12T06:38:57Z,63370928291,1,Single-symbol summary,0.55,0.117,0.433,5.551115123125783e-17,True,,0.211,0.356
118,118,2026-08-12T06:48:57Z,63914819184,1,Single-symbol summary,0.535,0.211,0.324,5.551115123125783e-17,True,,0.204,0.3460000000000001
119,119,2026-08-12T06:58:57Z,64455955665,1,Single-symbol summary,0.417,0.114,0.303,0.0,True,,0.204,0.3460000000000001
120,120,2026-08-12T07:08:57Z,65003623242,1,Single-symbol summary,0.78,0.443,0.337,0.0,True,,0.211,0.3390000000000001
121,121,2026-08-12T07:18:57Z,65557201130,1,Single-symbol summary,0.458,0.161,0.297,5.551115123125783e-17,True,,0.299,0.336
122,122,2026-08-12T07:28:57Z,66099065156,1,Single-symbol summary,0.635,0.299,0.336,0.0,True,,0.353,0.35
123,123,2026-08-12T07:38:57Z,66642452422,1,Single-symbol summary,0.749,0.416,0.333,0.0,True,,0.353,0.35
124,124,2026-08-12T07:48:57Z,67182421438,1,Single-symbol summary,0.804,0.471,0.333,5.551115123125783e-17,True,,0.299,0.36600000000000005
125,125,2026-08-12T07:58:57Z,67727916114,1,Single-symbol summary,0.703,0.353,0.35,0.0,True,,0.344,0.32100000000000006
126,126,2026-08-12T08:08:57Z,68267471024,1,Single-symbol summary,0.59,0.283,0.307,0.0,True,,0.344,0.32100000000000006
127,127,2026-08-12T08:18:57Z,68802200323,1,Single-symbol summary,0.665,0.063,0.602,1.1102230246251565e-16,True,,0.344,0.32100000000000006
128,128,2026-08-12T08:28:57Z,69346329844,1,Single-symbol summary,0.665,0.344,0.321,5.551115123125783e-17,True,,0.283,0.38200000000000006
129,129,2026-08-12T08:38:57Z,69897183390,1,Single-symbol summary,0.578,0.241,0.337,-5.551115123125783e-17,True,,0.283,0.38200000000000006
130,130,2026-08-12T08:48:57Z,70428726736,1,Single-symbol summary,0.72,0.385,0.335,-5.551115123125783e-17,True,,0.344,0.32100000000000006
131,131,2026-08-12T08:58:57Z,70979357463,1,Single-symbol summary,0.579,0.251,0.328,-5.551115123125783e-17,True,,0.376,0.344
132,132,2026-08-12T09:08:57Z,71519985704,1,Single-symbol summary,0.746,0.415,0.331,0.0,True,,0.385,0.3400000000000001
133,133,2026-08-12T09:18:57Z,72058735690,1,Single-symbol summary,0.981,0.376,0.605,0.0,True,,0.405,0.34099999999999997
134,134,2026-08-12T09:28:57Z,72596851158,1,Single-symbol summary,0.787,0.438,0.349,5.551115123125783e-17,True,,0.405,0.351
135,135,2026-08-12T09:38:57Z,73126410994,1,Single-symbol summary,0.725,0.405,0.32,-5.551115123125783e-17,True,,0.405,0.354
136,136,2026-08-12T09:48:57Z,73663989869,1,Single-symbol summary,0.756,0.429,0.327,0.0,True,,0.405,0.358
137,137,2026-08-12T09:58:57Z,74210734717,1,Single-symbol summary,0.759,0.396,0.363,0.0,True,,0.405,0.354
138,138,2026-08-12T10:08:57Z,74754170511,1,Single-symbol summary,0.763,0.392,0.371,0.0,True,,0.396,0.36
139,139,2026-08-12T10:18:57Z,75292467460,1,Single-symbol summary,0.97,0.415,0.555,-1.1102230246251565e-16,True,,0.396,0.363
140,140,2026-08-12T10:28:57Z,75839048271,1,Single-symbol summary,0.713,0.351,0.362,0.0,True,,0.392,0.367
141,141,2026-08-12T10:38:57Z,76379287699,1,Single-symbol summary,0.648,0.314,0.334,0.0,True,,0.392,0.371
142,142,2026-08-12T10:48:57Z,76921212731,1,Single-symbol summary,0.907,0.543,0.364,0.0,True,,0.351,0.362
143,143,2026-08-12T10:58:57Z,77474274891,1,Single-symbol summary,0.646,0.292,0.354,5.551115123125783e-17,True,,0.34,0.3559999999999999
144,144,2026-08-12T11:08:57Z,78020239558,1,Single-symbol summary,0.809,0.393,0.416,5.551115123125783e-17,True,,0.34,0.3559999999999999
145,145,2026-08-12T11:18:57Z,78556038400,1,Single-symbol summary,0.696,0.34,0.356,-5.551115123125783e-17,True,,0.34,0.3559999999999999
146,146,2026-08-12T11:28:57Z,79095605628,1,Single-symbol summary,0.56,0.172,0.388,5.551115123125783e-17,True,,0.34,0.3559999999999999
147,147,2026-08-12T11:38:57Z,79642025309,1,Single-symbol summary,0.703,0.359,0.344,0.0,True,,0.359,0.344
148,148,2026-08-12T11:48:57Z,80174044570,1,Single-symbol summary,0.575,0.244,0.331,-5.551115123125783e-17,True,,0.359,0.344
149,149,2026-08-12T11:58:57Z,80719696641,1,Single-symbol summary,0.777,0.435,0.342,0.0,True,,0.422,0.3489999999999999
150,150,2026-08-12T12:08:57Z,81262895664,1,Single-symbol summary,0.953,0.566,0.387,0.0,True,,0.422,0.3489999999999999
151,151,2026-08-12T12:18:57Z,81806775602,1,Single-symbol summary,0.803,0.451,0.352,5.551115123125783e-17,True,,0.422,0.3489999999999999
152,152,2026-08-12T12:28:57Z,82353792598,1,Single-symbol summary,0.771,0.422,0.349,5.551115123125783e-17,True,,0.422,0.3489999999999999
153,153,2026-08-12T12:38:57Z,82888706006,1,Single-symbol summary,0.754,0.4,0.354,0.0,True,,0.401,0.36
154,154,2026-08-12T12:48:57Z,83443900439,1,Single-symbol summary,0.757,0.347,0.41,5.551115123125783e-17,True,,0.4,0.3569999999999999
155,155,2026-08-12T12:58:57Z,83986715739,1,Single-symbol summary,0.761,0.401,0.36,0.0,True,,0.347,0.40700000000000003
156,156,2026-08-12T13:08:57Z,84528180207,1,Single-symbol summary,0.702,0.336,0.366,-5.551115123125783e-17,True,,0.336,0.39199999999999996
157,157,2026-08-12T13:18:57Z,85066604156,1,Single-symbol summary,1.142,0.43,0.712,0.0,False,above per-query Tukey upper fence on end-to-end result,,
158,158,2026-08-12T13:28:57Z,85620033283,1,Single-symbol summary,0.728,0.286,0.442,0.0,True,,0.336,0.39199999999999996
159,159,2026-08-12T13:38:57Z,86152994817,1,Single-symbol summary,0.659,0.236,0.423,5.551115123125783e-17,True,,0.336,0.39199999999999996
160,160,2026-08-12T13:48:57Z,86704737177,1,Single-symbol summary,0.476,0.104,0.372,0.0,True,,0.286,0.424
161,161,2026-08-12T13:58:57Z,87242847941,1,Single-symbol summary,0.791,0.412,0.379,5.551115123125783e-17,True,,0.286,0.442
162,162,2026-08-12T14:08:57Z,87786454820,1,Single-symbol summary,0.731,0.386,0.345,0.0,True,,0.367,0.364
163,163,2026-08-12T14:18:57Z,88330971978,1,Single-symbol summary,0.71,0.145,0.565,0.0,True,,0.367,0.364
164,164,2026-08-12T14:28:57Z,88873955947,1,Single-symbol summary,0.742,0.367,0.375,0.0,True,,0.367,0.364
165,165,2026-08-12T14:38:57Z,89419840113,1,Single-symbol summary,0.764,0.406,0.358,0.0,True,,0.367,0.364
166,166,2026-08-12T14:48:57Z,89959994694,1,Single-symbol summary,0.467,0.094,0.373,0.0,True,,0.367,0.375
167,167,2026-08-12T14:58:57Z,90505068849,1,Single-symbol summary,0.487,0.115,0.372,0.0,True,,0.367,0.384
168,168,2026-08-12T15:08:57Z,91061606220,1,Single-symbol summary,0.868,0.465,0.403,-5.551115123125783e-17,True,,0.406,0.358
169,169,2026-08-12T15:18:57Z,91608517197,1,Single-symbol summary,0.901,0.492,0.409,5.551115123125783e-17,True,,0.422,0.416
170,170,2026-08-12T15:28:57Z,92153494394,1,Single-symbol summary,0.751,0.363,0.388,0.0,True,,0.422,0.416
171,171,2026-08-12T15:38:57Z,92698030525,1,Single-symbol summary,0.838,0.422,0.416,0.0,True,,0.422,0.416
172,172,2026-08-12T15:48:57Z,93242607069,1,Single-symbol summary,0.842,0.432,0.41,0.0,True,,0.422,0.416
173,173,2026-08-12T15:58:57Z,93787407199,1,Single-symbol summary,0.717,0.338,0.379,-5.551115123125783e-17,True,,0.363,0.388
174,174,2026-08-12T16:08:57Z,94330065240,1,Single-symbol summary,0.525,0.139,0.386,0.0,True,,0.338,0.37900000000000006
175,175,2026-08-12T16:18:57Z,94877773840,1,Single-symbol summary,1.122,0.555,0.567,1.1102230246251565e-16,True,,0.256,0.44199999999999995
176,176,2026-08-12T16:28:57Z,95419508344,1,Single-symbol summary,0.698,0.196,0.502,0.0,True,,0.256,0.44199999999999995
177,177,2026-08-12T16:38:57Z,95972724266,1,Single-symbol summary,0.666,0.256,0.41,5.551115123125783e-17,True,,0.256,0.44199999999999995
178,178,2026-08-12T16:48:57Z,96513946374,1,Single-symbol summary,0.592,0.195,0.397,-5.551115123125783e-17,True,,0.409,0.438
179,179,2026-08-12T16:58:57Z,97064716964,1,Single-symbol summary,0.86,0.445,0.415,0.0,True,,0.365,0.4
180,180,2026-08-12T17:08:57Z,97615350266,1,Single-symbol summary,0.942,0.483,0.459,-5.551115123125783e-17,True,,0.409,0.438
181,181,2026-08-12T17:18:57Z,98161784620,1,Single-symbol summary,1.475,0.589,0.886,1.1102230246251565e-16,False,above per-query Tukey upper fence on end-to-end result,,
182,182,2026-08-12T17:28:57Z,98700378757,1,Single-symbol summary,0.847,0.409,0.438,0.0,True,,0.427,0.42649999999999993
183,183,2026-08-12T17:38:57Z,99259158207,1,Single-symbol summary,0.765,0.365,0.4,0.0,True,,0.445,0.415
184,184,2026-08-12T17:48:57Z,99801890611,1,Single-symbol summary,0.864,0.459,0.405,-5.551115123125783e-17,True,,0.434,0.42150000000000004
2,2,2026-08-11T11:28:57Z,532996784,2,Watchlist summary,0.134,0.057,0.077,1.3877787807814457e-17,True,,0.11199999999999999,0.14600000000000002
3,3,2026-08-11T11:38:57Z,1108625165,2,Watchlist summary,0.292,0.168,0.124,-2.7755575615628914e-17,True,,0.15,0.14200000000000004
4,4,2026-08-11T11:48:57Z,1658912507,2,Watchlist summary,0.224,0.074,0.15,2.7755575615628914e-17,True,,0.133,0.16500000000000004
5,5,2026-08-11T11:58:57Z,2217147353,2,Watchlist summary,0.304,0.15,0.154,0.0,True,,0.13,0.174
6,6,2026-08-11T12:08:57Z,2786291244,2,Watchlist summary,0.391,0.162,0.229,0.0,True,,0.13,0.197
7,7,2026-08-11T12:18:57Z,3343738155,2,Watchlist summary,0.327,0.116,0.211,2.7755575615628914e-17,True,,0.12,0.242
8,8,2026-08-11T12:28:57Z,3899391577,2,Watchlist summary,0.362,0.13,0.232,-2.7755575615628914e-17,True,,0.122,0.24
9,9,2026-08-11T12:38:57Z,4448004794,2,Watchlist summary,0.417,0.118,0.299,0.0,True,,0.12,0.242
10,10,2026-08-11T12:48:57Z,5002254267,2,Watchlist summary,0.456,0.12,0.336,0.0,True,,0.118,0.21999999999999997
11,11,2026-08-11T12:58:57Z,5553730140,2,Watchlist summary,0.338,0.122,0.216,2.7755575615628914e-17,True,,0.118,0.21999999999999997
12,12,2026-08-11T13:08:57Z,6107183801,2,Watchlist summary,0.327,0.076,0.251,0.0,True,,0.089,0.24899999999999997
13,13,2026-08-11T13:18:57Z,6662885451,2,Watchlist summary,0.332,0.034,0.298,5.551115123125783e-17,True,,0.089,0.24899999999999997
14,14,2026-08-11T13:28:57Z,7220407062,2,Watchlist summary,0.323,0.041,0.282,5.551115123125783e-17,True,,0.089,0.24899999999999997
15,15,2026-08-11T13:38:57Z,7772453021,2,Watchlist summary,0.45,0.089,0.361,0.0,True,,0.089,0.361
16,16,2026-08-11T13:48:57Z,8327660844,2,Watchlist summary,0.516,0.163,0.353,0.0,True,,0.09,0.41300000000000003
17,17,2026-08-11T13:58:57Z,8869790384,2,Watchlist summary,0.653,0.226,0.427,5.551115123125783e-17,True,,0.09,0.42600000000000005
18,18,2026-08-11T14:08:57Z,9416167217,2,Watchlist summary,0.57,0.164,0.406,-1.1102230246251565e-16,True,,0.163,0.364
19,19,2026-08-11T14:18:57Z,9966828956,2,Watchlist summary,0.503,0.09,0.413,5.551115123125783e-17,True,,0.163,0.40700000000000003
20,20,2026-08-11T14:28:57Z,10515573711,2,Watchlist summary,0.527,0.083,0.444,0.0,True,,0.164,0.489
21,21,2026-08-11T14:38:57Z,11061458462,2,Watchlist summary,0.74,0.194,0.546,0.0,True,,0.126,0.507
22,22,2026-08-11T14:48:57Z,11598082800,2,Watchlist summary,1.258,0.107,1.151,0.0,True,,0.126,0.543
23,23,2026-08-11T14:58:57Z,12155361632,2,Watchlist summary,0.669,0.191,0.478,5.551115123125783e-17,True,,0.126,0.543
24,24,2026-08-11T15:08:57Z,12686918328,2,Watchlist summary,0.633,0.126,0.507,0.0,True,,0.126,0.543
25,25,2026-08-11T15:18:57Z,13239818975,2,Watchlist summary,0.938,0.183,0.755,-1.1102230246251565e-16,True,,0.126,0.543
26,26,2026-08-11T15:28:57Z,13783825272,2,Watchlist summary,0.668,0.113,0.555,0.0,True,,0.126,0.542
27,27,2026-08-11T15:38:57Z,14320432691,2,Watchlist summary,0.607,0.055,0.552,-1.1102230246251565e-16,True,,0.126,0.542
28,28,2026-08-11T15:48:57Z,14865686419,2,Watchlist summary,0.802,0.228,0.574,1.1102230246251565e-16,True,,0.113,0.555
29,29,2026-08-11T15:58:57Z,15406449067,2,Watchlist summary,0.619,0.11,0.509,0.0,True,,0.11,0.535
30,30,2026-08-11T16:08:57Z,15953152260,2,Watchlist summary,0.737,0.147,0.59,0.0,True,,0.11,0.535
31,31,2026-08-11T16:18:57Z,16496810019,2,Watchlist summary,0.615,0.056,0.559,-1.1102230246251565e-16,True,,0.11,0.627
32,32,2026-08-11T16:28:57Z,17037168163,2,Watchlist summary,0.645,0.096,0.549,0.0,True,,0.11,0.627
33,33,2026-08-11T16:38:57Z,17587595862,2,Watchlist summary,0.744,0.127,0.617,0.0,True,,0.127,0.612
34,34,2026-08-11T16:48:57Z,18120902444,2,Watchlist summary,0.739,0.095,0.644,0.0,True,,0.127,0.617
35,35,2026-08-11T16:58:57Z,18664388826,2,Watchlist summary,0.829,0.133,0.696,0.0,True,,0.127,0.6869999999999999
36,36,2026-08-11T17:08:57Z,19216193045,2,Watchlist summary,0.814,0.143,0.671,-1.1102230246251565e-16,True,,0.133,0.681
37,37,2026-08-11T17:18:57Z,19745883933,2,Watchlist summary,0.932,0.198,0.734,0.0,True,,0.133,0.696
38,38,2026-08-11T17:28:57Z,20305329136,2,Watchlist summary,0.814,0.111,0.703,0.0,True,,0.133,0.7020000000000001
39,39,2026-08-11T17:38:57Z,20844684066,2,Watchlist summary,0.976,0.182,0.794,0.0,True,,0.143,0.723
40,40,2026-08-11T17:48:57Z,21391428069,2,Watchlist summary,0.835,0.04,0.795,-1.1102230246251565e-16,True,,0.111,0.821
41,41,2026-08-11T17:58:57Z,21938345201,2,Watchlist summary,0.866,0.111,0.755,0.0,True,,0.111,0.8340000000000001
42,42,2026-08-11T18:08:57Z,22480394175,2,Watchlist summary,0.956,0.151,0.805,-1.1102230246251565e-16,True,,0.111,0.8340000000000001
43,43,2026-08-11T18:18:57Z,23027036303,2,Watchlist summary,1.142,0.061,1.081,0.0,True,,0.111,0.8340000000000001
44,44,2026-08-11T18:28:57Z,23563684837,2,Watchlist summary,0.945,0.187,0.758,0.0,True,,0.146,0.81
45,45,2026-08-11T18:38:57Z,24108292723,2,Watchlist summary,0.908,0.066,0.842,1.1102230246251565e-16,True,,0.151,0.826
46,46,2026-08-11T18:48:57Z,24651647019,2,Watchlist summary,1.003,0.154,0.849,-1.1102230246251565e-16,True,,0.151,0.8519999999999999
47,47,2026-08-11T18:58:57Z,25200289313,2,Watchlist summary,0.977,0.146,0.831,0.0,True,,0.154,0.8489999999999999
48,48,2026-08-11T19:08:57Z,25747852434,2,Watchlist summary,1.005,0.155,0.85,-1.1102230246251565e-16,True,,0.154,0.8509999999999999
49,49,2026-08-11T19:18:57Z,26283076869,2,Watchlist summary,1.321,0.151,1.17,0.0,True,,0.155,0.861
50,50,2026-08-11T19:28:57Z,26820178083,2,Watchlist summary,1.07,0.204,0.866,1.1102230246251565e-16,True,,0.158,0.912
51,51,2026-08-11T19:38:57Z,27375417517,2,Watchlist summary,1.016,0.158,0.858,0.0,True,,0.158,0.912
52,52,2026-08-11T19:48:57Z,27918995748,2,Watchlist summary,1.099,0.189,0.91,-1.1102230246251565e-16,True,,0.158,0.93
53,53,2026-08-11T19:58:57Z,28455528243,2,Watchlist summary,1.147,0.238,0.909,0.0,True,,0.158,0.912
54,54,2026-08-11T20:08:57Z,28993570106,2,Watchlist summary,1.063,0.108,0.955,0.0,True,,0.133,0.9550000000000001
55,55,2026-08-11T20:18:57Z,29545700964,2,Watchlist summary,1.088,0.084,1.004,0.0,True,,0.123,0.976
56,56,2026-08-11T20:28:57Z,30083988028,2,Watchlist summary,1.058,0.056,1.002,0.0,True,,0.123,1.024
57,57,2026-08-11T20:38:57Z,30630575890,2,Watchlist summary,1.255,0.133,1.122,-2.220446049250313e-16,True,,0.123,1.034
58,58,2026-08-11T20:48:57Z,31165284381,2,Watchlist summary,1.157,0.123,1.034,0.0,True,,0.123,1.034
59,59,2026-08-11T20:58:57Z,31720586913,2,Watchlist summary,1.389,0.27,1.119,0.0,True,,0.133,1.122
60,60,2026-08-11T21:08:57Z,32256432850,2,Watchlist summary,1.26,0.263,0.997,0.0,True,,0.188,1.0670000000000002
61,61,2026-08-11T21:18:57Z,32804567571,2,Watchlist summary,1.084,0.062,1.022,0.0,True,,0.188,1.067
62,62,2026-08-11T21:28:57Z,33359668543,2,Watchlist summary,1.4,0.281,1.119,-2.220446049250313e-16,True,,0.188,1.067
63,63,2026-08-11T21:38:57Z,33893505898,2,Watchlist summary,1.255,0.188,1.067,0.0,True,,0.188,1.067
64,64,2026-08-11T21:48:57Z,34442826434,2,Watchlist summary,1.242,0.126,1.116,0.0,True,,0.126,1.116
65,65,2026-08-11T21:58:57Z,34990195086,2,Watchlist summary,1.134,0.036,1.098,-2.220446049250313e-16,True,,0.126,1.129
66,66,2026-08-11T22:08:57Z,35543561911,2,Watchlist summary,1.355,0.245,1.11,-2.220446049250313e-16,True,,0.126,1.129
67,67,2026-08-11T22:18:57Z,36086551556,2,Watchlist summary,1.235,0.066,1.169,0.0,True,,0.126,1.181
68,68,2026-08-11T22:28:57Z,36629144961,2,Watchlist summary,1.307,0.122,1.185,0.0,True,,0.195,1.16
69,69,2026-08-11T22:38:57Z,37176739226,2,Watchlist summary,1.439,0.209,1.23,0.0,True,,0.209,1.183
70,70,2026-08-11T22:48:57Z,37714068818,2,Watchlist summary,1.392,0.195,1.197,-2.220446049250313e-16,True,,0.195,1.244
71,71,2026-08-11T22:58:57Z,38258658415,2,Watchlist summary,1.505,0.226,1.279,0.0,True,,0.195,1.273
72,72,2026-08-11T23:08:57Z,38815458699,2,Watchlist summary,1.56,0.232,1.328,0.0,True,,0.195,1.273
73,73,2026-08-11T23:18:57Z,39353814542,2,Watchlist summary,1.468,0.186,1.282,0.0,True,,0.195,1.3099999999999998
74,74,2026-08-11T23:28:57Z,39910561199,2,Watchlist summary,1.526,0.137,1.389,0.0,True,,0.226,1.3
75,75,2026-08-11T23:38:57Z,40450795463,2,Watchlist summary,1.463,0.172,1.291,2.220446049250313e-16,True,,0.186,1.3570000000000002
76,76,2026-08-11T23:48:57Z,41001235716,2,Watchlist summary,1.606,0.227,1.379,0.0,True,,0.172,1.3710000000000002
77,77,2026-08-11T23:58:57Z,41541364286,2,Watchlist summary,1.605,0.228,1.377,0.0,True,,0.137,1.4060000000000001
78,78,2026-08-12T00:08:57Z,42087321356,2,Watchlist summary,1.543,0.104,1.439,-2.220446049250313e-16,True,,0.172,1.433
79,79,2026-08-12T00:18:57Z,42638946619,2,Watchlist summary,2.01,0.08,1.93,-2.220446049250313e-16,True,,0.104,1.501
80,80,2026-08-12T00:28:57Z,43189555601,2,Watchlist summary,1.502,0.098,1.404,0.0,True,,0.104,1.501
81,81,2026-08-12T00:38:57Z,43737335549,2,Watchlist summary,1.769,0.32,1.449,-2.220446049250313e-16,True,,0.104,1.6019999999999999
82,82,2026-08-12T00:48:57Z,44285385932,2,Watchlist summary,1.463,0.044,1.419,0.0,True,,0.234,1.53
83,83,2026-08-12T00:58:57Z,44819116712,2,Watchlist summary,1.706,0.234,1.472,0.0,True,,0.234,1.472
84,84,2026-08-12T01:08:57Z,45370941730,2,Watchlist summary,1.764,0.299,1.465,0.0,True,,0.234,1.472
85,85,2026-08-12T01:18:57Z,45915210443,2,Watchlist summary,1.85,0.358,1.492,0.0,True,,0.196,1.499
86,86,2026-08-12T01:28:57Z,46469268846,2,Watchlist summary,1.695,0.183,1.512,0.0,True,,0.234,1.472
87,87,2026-08-12T01:38:57Z,47014619196,2,Watchlist summary,1.691,0.196,1.495,0.0,True,,0.196,1.499
88,88,2026-08-12T01:48:57Z,47557887173,2,Watchlist summary,1.637,0.112,1.525,0.0,True,,0.196,1.499
89,89,2026-08-12T01:58:57Z,48108937450,2,Watchlist summary,1.732,0.245,1.487,0.0,True,,0.183,1.508
90,90,2026-08-12T02:08:57Z,48654354733,2,Watchlist summary,1.642,0.105,1.537,0.0,True,,0.196,1.495
91,91,2026-08-12T02:18:57Z,49198792764,2,Watchlist summary,1.773,0.227,1.546,-2.220446049250313e-16,True,,0.202,1.5300000000000002
92,92,2026-08-12T02:28:57Z,49752959746,2,Watchlist summary,1.649,0.105,1.544,0.0,True,,0.202,1.554
93,93,2026-08-12T02:38:57Z,50295558507,2,Watchlist summary,1.809,0.202,1.607,0.0,True,,0.174,1.5990000000000002
94,94,2026-08-12T02:48:57Z,50839423797,2,Watchlist summary,1.883,0.251,1.632,2.220446049250313e-16,True,,0.177,1.632
95,95,2026-08-12T02:58:57Z,51388846496,2,Watchlist summary,1.756,0.167,1.589,0.0,True,,0.177,1.648
96,96,2026-08-12T03:08:57Z,51921113849,2,Watchlist summary,2.048,0.174,1.874,0.0,True,,0.202,1.681
97,97,2026-08-12T03:18:57Z,52476957308,2,Watchlist summary,1.825,0.177,1.648,0.0,True,,0.178,1.772
98,98,2026-08-12T03:28:57Z,53013859627,2,Watchlist summary,1.95,0.216,1.734,0.0,True,,0.178,1.8040000000000003
99,99,2026-08-12T03:38:57Z,53553602030,2,Watchlist summary,1.982,0.243,1.739,-2.220446049250313e-16,True,,0.216,1.8110000000000002
100,100,2026-08-12T03:48:57Z,54096739316,2,Watchlist summary,2.079,0.178,1.901,2.220446049250313e-16,True,,0.243,1.7840000000000003
101,101,2026-08-12T03:58:57Z,54638958461,2,Watchlist summary,2.027,0.26,1.767,2.220446049250313e-16,True,,0.26,1.8190000000000002
102,102,2026-08-12T04:08:57Z,55184688243,2,Watchlist summary,2.162,0.374,1.788,-2.220446049250313e-16,True,,0.26,1.8190000000000002
103,103,2026-08-12T04:18:57Z,55728939933,2,Watchlist summary,2.593,0.411,2.182,0.0,True,,0.267,1.8600000000000003
104,104,2026-08-12T04:28:57Z,56273535672,2,Watchlist summary,2.127,0.267,1.86,-2.220446049250313e-16,True,,0.267,1.8600000000000003
105,105,2026-08-12T04:38:57Z,56810381460,2,Watchlist summary,1.959,0.12,1.839,0.0,True,,0.267,1.8600000000000003
106,106,2026-08-12T04:48:57Z,57362361385,2,Watchlist summary,2.274,0.296,1.978,0.0,True,,0.221,1.9060000000000001
107,107,2026-08-12T04:58:57Z,57913493016,2,Watchlist summary,2.03,0.126,1.904,0.0,True,,0.221,1.8929999999999998
108,108,2026-08-12T05:08:57Z,58446958006,2,Watchlist summary,2.078,0.221,1.857,-2.220446049250313e-16,True,,0.198,1.9090000000000003
109,109,2026-08-12T05:18:57Z,58996538773,2,Watchlist summary,3.097,0.09,3.007,0.0,True,,0.221,1.8929999999999998
110,110,2026-08-12T05:28:57Z,59543392881,2,Watchlist summary,2.114,0.252,1.862,-2.220446049250313e-16,True,,0.198,1.9090000000000003
111,111,2026-08-12T05:38:57Z,60095495207,2,Watchlist summary,2.107,0.198,1.909,2.220446049250313e-16,True,,0.198,1.9090000000000003
112,112,2026-08-12T05:48:57Z,60639957737,2,Watchlist summary,2.317,0.372,1.945,2.220446049250313e-16,True,,0.112,1.995
113,113,2026-08-12T05:58:57Z,61187361357,2,Watchlist summary,1.919,0.033,1.886,2.220446049250313e-16,True,,0.112,1.9769999999999999
114,114,2026-08-12T06:08:57Z,61731139656,2,Watchlist summary,2.089,0.112,1.977,-2.220446049250313e-16,True,,0.112,1.9769999999999999
115,115,2026-08-12T06:18:57Z,62279567684,2,Watchlist summary,2.06,0.109,1.951,0.0,True,,0.11,1.95
116,116,2026-08-12T06:28:57Z,62825580983,2,Watchlist summary,2.05,0.11,1.94,-2.220446049250313e-16,True,,0.11,1.95
117,117,2026-08-12T06:38:57Z,63370928291,2,Watchlist summary,2.114,0.117,1.997,-2.220446049250313e-16,True,,0.112,1.9769999999999999
118,118,2026-08-12T06:48:57Z,63914819184,2,Watchlist summary,2.0,0.042,1.958,0.0,True,,0.11,1.977
119,119,2026-08-12T06:58:57Z,64455955665,2,Watchlist summary,2.452,0.36,2.092,0.0,True,,0.117,1.9970000000000003
120,120,2026-08-12T07:08:57Z,65003623242,2,Watchlist summary,2.373,0.327,2.046,4.440892098500626e-16,True,,0.117,1.9970000000000003
121,121,2026-08-12T07:18:57Z,65557201130,2,Watchlist summary,2.087,0.08,2.007,0.0,True,,0.131,2.1739999999999995
122,122,2026-08-12T07:28:57Z,66099065156,2,Watchlist summary,2.438,0.249,2.189,0.0,True,,0.131,2.1739999999999995
123,123,2026-08-12T07:38:57Z,66642452422,2,Watchlist summary,2.065,0.042,2.023,0.0,True,,0.131,2.1739999999999995
124,124,2026-08-12T07:48:57Z,67182421438,2,Watchlist summary,2.305,0.131,2.174,4.440892098500626e-16,True,,0.131,2.1739999999999995
125,125,2026-08-12T07:58:57Z,67727916114,2,Watchlist summary,2.132,0.033,2.099,0.0,True,,0.246,2.103
126,126,2026-08-12T08:08:57Z,68267471024,2,Watchlist summary,2.349,0.246,2.103,0.0,True,,0.234,2.115
127,127,2026-08-12T08:18:57Z,68802200323,2,Watchlist summary,2.486,0.274,2.212,0.0,True,,0.234,2.163
128,128,2026-08-12T08:28:57Z,69346329844,2,Watchlist summary,2.533,0.338,2.195,0.0,True,,0.234,2.249
129,129,2026-08-12T08:38:57Z,69897183390,2,Watchlist summary,2.654,0.234,2.42,0.0,True,,0.246,2.24
130,130,2026-08-12T08:48:57Z,70428726736,2,Watchlist summary,2.397,0.198,2.199,0.0,True,,0.234,2.299
131,131,2026-08-12T08:58:57Z,70979357463,2,Watchlist summary,2.483,0.22,2.263,0.0,True,,0.22,2.3129999999999997
132,132,2026-08-12T09:08:57Z,71519985704,2,Watchlist summary,2.56,0.346,2.214,0.0,True,,0.219,2.341
133,133,2026-08-12T09:18:57Z,72058735690,2,Watchlist summary,3.118,0.208,2.91,-4.440892098500626e-16,True,,0.219,2.341
134,134,2026-08-12T09:28:57Z,72596851158,2,Watchlist summary,2.281,0.075,2.206,0.0,True,,0.219,2.341
135,135,2026-08-12T09:38:57Z,73126410994,2,Watchlist summary,2.637,0.219,2.418,0.0,True,,0.208,2.352
136,136,2026-08-12T09:48:57Z,73663989869,2,Watchlist summary,2.571,0.334,2.237,0.0,True,,0.125,2.282
137,137,2026-08-12T09:58:57Z,74210734717,2,Watchlist summary,2.324,0.096,2.228,-4.440892098500626e-16,True,,0.118,2.216
138,138,2026-08-12T10:08:57Z,74754170511,2,Watchlist summary,2.407,0.125,2.282,0.0,True,,0.118,2.216
139,139,2026-08-12T10:18:57Z,75292467460,2,Watchlist summary,2.314,0.118,2.196,0.0,True,,0.118,2.216
140,140,2026-08-12T10:28:57Z,75839048271,2,Watchlist summary,2.334,0.086,2.248,0.0,True,,0.099,2.235
141,141,2026-08-12T10:38:57Z,76379287699,2,Watchlist summary,2.322,0.099,2.223,0.0,True,,0.118,2.289
142,142,2026-08-12T10:48:57Z,76921212731,2,Watchlist summary,2.484,0.232,2.252,0.0,True,,0.118,2.366
143,143,2026-08-12T10:58:57Z,77474274891,2,Watchlist summary,2.526,0.094,2.432,0.0,True,,0.202,2.305
144,144,2026-08-12T11:08:57Z,78020239558,2,Watchlist summary,2.507,0.267,2.24,0.0,True,,0.202,2.305
145,145,2026-08-12T11:18:57Z,78556038400,2,Watchlist summary,2.7,0.202,2.498,0.0,True,,0.202,2.324
146,146,2026-08-12T11:28:57Z,79095605628,2,Watchlist summary,3.017,0.461,2.556,0.0,True,,0.15,2.388
147,147,2026-08-12T11:38:57Z,79642025309,2,Watchlist summary,2.493,0.123,2.37,0.0,True,,0.202,2.444
148,148,2026-08-12T11:48:57Z,80174044570,2,Watchlist summary,2.646,0.106,2.54,0.0,True,,0.202,2.498
149,149,2026-08-12T11:58:57Z,80719696641,2,Watchlist summary,2.538,0.15,2.388,0.0,True,,0.241,2.474
150,150,2026-08-12T12:08:57Z,81262895664,2,Watchlist summary,2.732,0.286,2.446,0.0,True,,0.241,2.474
151,151,2026-08-12T12:18:57Z,81806775602,2,Watchlist summary,2.715,0.241,2.474,-4.440892098500626e-16,True,,0.241,2.491
152,152,2026-08-12T12:28:57Z,82353792598,2,Watchlist summary,2.747,0.297,2.45,-4.440892098500626e-16,True,,0.241,2.491
153,153,2026-08-12T12:38:57Z,82888706006,2,Watchlist summary,2.895,0.436,2.459,0.0,True,,0.241,2.491
154,154,2026-08-12T12:48:57Z,83443900439,2,Watchlist summary,2.796,0.229,2.567,-4.440892098500626e-16,True,,0.229,2.5180000000000002
155,155,2026-08-12T12:58:57Z,83986715739,2,Watchlist summary,2.588,0.132,2.456,0.0,True,,0.14,2.607
156,156,2026-08-12T13:08:57Z,84528180207,2,Watchlist summary,2.658,0.14,2.518,0.0,True,,0.14,2.656
157,157,2026-08-12T13:18:57Z,85066604156,2,Watchlist summary,3.339,0.067,3.272,0.0,True,,0.132,2.526
158,158,2026-08-12T13:28:57Z,85620033283,2,Watchlist summary,2.628,0.036,2.592,0.0,True,,0.132,2.526
159,159,2026-08-12T13:38:57Z,86152994817,2,Watchlist summary,2.809,0.275,2.534,4.440892098500626e-16,True,,0.129,2.537
160,160,2026-08-12T13:48:57Z,86704737177,2,Watchlist summary,2.635,0.111,2.524,-4.440892098500626e-16,True,,0.117,2.596
161,161,2026-08-12T13:58:57Z,87242847941,2,Watchlist summary,2.713,0.196,2.517,0.0,True,,0.125,2.559
162,162,2026-08-12T14:08:57Z,87786454820,2,Watchlist summary,2.666,0.129,2.537,0.0,True,,0.125,2.559
163,163,2026-08-12T14:18:57Z,88330971978,2,Watchlist summary,3.454,0.117,3.337,0.0,True,,0.117,2.549
164,164,2026-08-12T14:28:57Z,88873955947,2,Watchlist summary,2.684,0.125,2.559,0.0,True,,0.117,2.549
165,165,2026-08-12T14:38:57Z,89419840113,2,Watchlist summary,2.613,0.04,2.573,0.0,True,,0.117,2.549
166,166,2026-08-12T14:48:57Z,89959994694,2,Watchlist summary,2.666,0.09,2.576,0.0,True,,0.117,2.567
167,167,2026-08-12T14:58:57Z,90505068849,2,Watchlist summary,2.642,0.113,2.529,0.0,True,,0.125,2.559
168,168,2026-08-12T15:08:57Z,91061606220,2,Watchlist summary,3.039,0.493,2.546,4.440892098500626e-16,True,,0.113,2.613
169,169,2026-08-12T15:18:57Z,91608517197,2,Watchlist summary,3.073,0.392,2.681,0.0,True,,0.146,2.627
170,170,2026-08-12T15:28:57Z,92153494394,2,Watchlist summary,2.847,0.281,2.566,0.0,True,,0.186,2.5869999999999997
171,171,2026-08-12T15:38:57Z,92698030525,2,Watchlist summary,2.726,0.038,2.688,0.0,True,,0.186,2.5869999999999997
172,172,2026-08-12T15:48:57Z,93242607069,2,Watchlist summary,2.773,0.146,2.627,4.440892098500626e-16,True,,0.161,2.6119999999999997
173,173,2026-08-12T15:58:57Z,93787407199,2,Watchlist summary,2.763,0.186,2.577,0.0,True,,0.146,2.627
174,174,2026-08-12T16:08:57Z,94330065240,2,Watchlist summary,2.768,0.161,2.607,-4.440892098500626e-16,True,,0.135,2.633
175,175,2026-08-12T16:18:57Z,94877773840,2,Watchlist summary,3.68,0.086,3.594,4.440892098500626e-16,True,,0.135,2.638
176,176,2026-08-12T16:28:57Z,95419508344,2,Watchlist summary,2.808,0.135,2.673,0.0,True,,0.114,2.6540000000000004
177,177,2026-08-12T16:38:57Z,95972724266,2,Watchlist summary,2.664,0.041,2.623,0.0,True,,0.086,2.6820000000000004
178,178,2026-08-12T16:48:57Z,96513946374,2,Watchlist summary,2.881,0.114,2.767,0.0,True,,0.062,2.701
179,179,2026-08-12T16:58:57Z,97064716964,2,Watchlist summary,2.763,0.062,2.701,0.0,True,,0.057,2.677
180,180,2026-08-12T17:08:57Z,97615350266,2,Watchlist summary,2.672,0.037,2.635,4.440892098500626e-16,True,,0.041,2.693
181,181,2026-08-12T17:18:57Z,98161784620,2,Watchlist summary,2.713,0.057,2.656,0.0,True,,0.057,2.706
182,182,2026-08-12T17:28:57Z,98700378757,2,Watchlist summary,2.734,0.037,2.697,0.0,True,,0.0485,2.6999999999999997
183,183,2026-08-12T17:38:57Z,99259158207,2,Watchlist summary,2.889,0.04,2.849,-4.440892098500626e-16,True,,0.04,2.694
184,184,2026-08-12T17:48:57Z,99801890611,2,Watchlist summary,2.969,0.253,2.716,-4.440892098500626e-16,True,,0.0485,2.763
2,2,2026-08-11T11:28:57Z,532996784,3,Top movers,1.14,0.307,0.833,0.0,True,,0.518,0.679
3,3,2026-08-11T11:38:57Z,1108625165,3,Top movers,0.996,0.437,0.559,-1.1102230246251565e-16,True,,0.599,0.655
4,4,2026-08-11T11:48:57Z,1658912507,3,Top movers,1.757,0.599,1.158,0.0,True,,0.6134999999999999,0.8920000000000001
5,5,2026-08-11T11:58:57Z,2217147353,3,Top movers,1.254,0.628,0.626,0.0,True,,0.628,1.129
6,6,2026-08-11T12:08:57Z,2786291244,3,Top movers,2.445,1.061,1.384,0.0,True,,1.061,1.0330000000000004
7,7,2026-08-11T12:18:57Z,3343738155,3,Top movers,2.094,1.07,1.024,-2.220446049250313e-16,True,,1.07,1.1739999999999997
8,8,2026-08-11T12:28:57Z,3899391577,3,Top movers,3.29,1.652,1.638,2.220446049250313e-16,True,,1.462,0.9829999999999999
9,9,2026-08-11T12:38:57Z,4448004794,3,Top movers,2.244,1.502,0.742,2.220446049250313e-16,True,,1.502,1.2579999999999998
10,10,2026-08-11T12:48:57Z,5002254267,3,Top movers,2.799,1.462,1.337,0.0,True,,1.652,1.147
11,11,2026-08-11T12:58:57Z,5553730140,3,Top movers,2.76,1.855,0.905,-2.220446049250313e-16,True,,1.675,1.527
12,12,2026-08-11T13:08:57Z,6107183801,3,Top movers,3.202,1.675,1.527,0.0,True,,1.855,1.1560000000000001
13,13,2026-08-11T13:18:57Z,6662885451,3,Top movers,3.782,2.891,0.891,0.0,True,,1.855,1.1560000000000001
14,14,2026-08-11T13:28:57Z,7220407062,3,Top movers,3.872,2.073,1.799,0.0,True,,1.855,1.1560000000000001
15,15,2026-08-11T13:38:57Z,7772453021,3,Top movers,3.011,2.589,0.422,1.6653345369377348e-16,True,,1.675,1.527
16,16,2026-08-11T13:48:57Z,8327660844,3,Top movers,2.298,0.267,2.031,0.0,True,,0.98,2.031
17,17,2026-08-11T13:58:57Z,8869790384,3,Top movers,1.527,0.77,0.757,-1.1102230246251565e-16,True,,0.98,2.031
18,18,2026-08-11T14:08:57Z,9416167217,3,Top movers,3.225,0.98,2.245,0.0,True,,0.98,2.031
19,19,2026-08-11T14:18:57Z,9966828956,3,Top movers,1.227,0.721,0.506,1.1102230246251565e-16,True,,0.931,2.294
20,20,2026-08-11T14:28:57Z,10515573711,3,Top movers,3.763,1.301,2.462,-4.440892098500626e-16,True,,0.98,2.245
21,21,2026-08-11T14:38:57Z,11061458462,3,Top movers,3.409,1.797,1.612,-2.220446049250313e-16,True,,1.149,2.26
22,22,2026-08-11T14:48:57Z,11598082800,3,Top movers,3.54,0.931,2.609,0.0,True,,1.301,2.1079999999999997
23,23,2026-08-11T14:58:57Z,12155361632,3,Top movers,2.047,1.149,0.898,1.1102230246251565e-16,True,,1.432,2.108
24,24,2026-08-11T15:08:57Z,12686918328,3,Top movers,16.662,12.636,3.918,0.10799999999999965,True,,1.432,1.9769999999999999
25,25,2026-08-11T15:18:57Z,13239818975,3,Top movers,1.939,1.432,0.507,1.1102230246251565e-16,True,,1.432,2.108
26,26,2026-08-11T15:28:57Z,13783825272,3,Top movers,9.409,4.102,5.307,0.0,True,,1.478,0.8459999999999999
27,27,2026-08-11T15:38:57Z,14320432691,3,Top movers,1.841,1.396,0.445,5.551115123125783e-17,True,,1.512,2.398
28,28,2026-08-11T15:48:57Z,14865686419,3,Top movers,3.91,1.512,2.398,0.0,True,,1.512,1.116
29,29,2026-08-11T15:58:57Z,15406449067,3,Top movers,2.324,1.478,0.846,-1.1102230246251565e-16,True,,1.815,2.095
30,30,2026-08-11T16:08:57Z,15953152260,3,Top movers,8.901,3.3,5.601,0.0,True,,1.815,1.7930000000000001
31,31,2026-08-11T16:18:57Z,16496810019,3,Top movers,2.628,1.815,0.813,2.220446049250313e-16,True,,3.142,0.7680000000000002
32,32,2026-08-11T16:28:57Z,17037168163,3,Top movers,9.77,4.482,5.288,-8.881784197001252e-16,True,,3.237,0.5390000000000001
33,33,2026-08-11T16:38:57Z,17587595862,3,Top movers,3.608,3.142,0.466,1.6653345369377348e-16,True,,3.3,5.1339999999999995
34,34,2026-08-11T16:48:57Z,18120902444,3,Top movers,8.434,4.539,3.895,-4.440892098500626e-16,True,,4.354,0.4870000000000001
35,35,2026-08-11T16:58:57Z,18664388826,3,Top movers,3.776,3.237,0.539,-3.3306690738754696e-16,True,,4.354,4.079999999999999
36,36,2026-08-11T17:08:57Z,19216193045,3,Top movers,11.583,8.377,3.206,-4.440892098500626e-16,True,,4.354,2.5509999999999993
37,37,2026-08-11T17:18:57Z,19745883933,3,Top movers,4.841,4.354,0.487,1.1102230246251565e-16,True,,4.539,3.8949999999999996
38,38,2026-08-11T17:28:57Z,20305329136,3,Top movers,9.264,3.38,5.884,-8.881784197001252e-16,True,,5.156,4.108
39,39,2026-08-11T17:38:57Z,20844684066,3,Top movers,6.963,5.156,1.749,0.058000000000000274,True,,5.156,4.108
40,40,2026-08-11T17:48:57Z,21391428069,3,Top movers,12.928,5.193,7.586,0.1490000000000009,True,,4.469,4.242
41,41,2026-08-11T17:58:57Z,21938345201,3,Top movers,9.993,9.157,0.836,3.3306690738754696e-16,True,,4.877,4.387
42,42,2026-08-11T18:08:57Z,22480394175,3,Top movers,8.711,4.469,4.242,0.0,True,,5.156,4.685000000000001
43,43,2026-08-11T18:18:57Z,23027036303,3,Top movers,4.545,4.077,0.468,-5.551115123125783e-17,True,,5.193,4.800000000000001
44,44,2026-08-11T18:28:57Z,23563684837,3,Top movers,10.453,4.877,5.576,0.0,True,,4.906,4.935000000000001
45,45,2026-08-11T18:38:57Z,24108292723,3,Top movers,9.841,9.397,0.444,-9.43689570931383e-16,True,,4.906,4.935000000000001
46,46,2026-08-11T18:48:57Z,24651647019,3,Top movers,13.918,9.832,4.086,-1.7763568394002505e-15,True,,9.397,1.0559999999999992
47,47,2026-08-11T18:58:57Z,25200289313,3,Top movers,6.682,4.906,1.776,6.661338147750939e-16,True,,9.816,1.2680000000000007
48,48,2026-08-11T19:08:57Z,25747852434,3,Top movers,15.701,11.385,4.316,8.881784197001252e-16,True,,9.832,1.7309999999999999
49,49,2026-08-11T19:18:57Z,26283076869,3,Top movers,11.084,9.816,1.268,-1.1102230246251565e-15,True,,9.91,4.008000000000001
50,50,2026-08-11T19:28:57Z,26820178083,3,Top movers,14.641,9.958,4.683,0.0,True,,9.958,1.6050000000000004
51,51,2026-08-11T19:38:57Z,27375417517,3,Top movers,11.563,9.91,1.653,4.440892098500626e-16,True,,10.062,4.3870000000000005
52,52,2026-08-11T19:48:57Z,27918995748,3,Top movers,14.449,10.174,4.275,0.0,True,,10.062,1.5010000000000012
53,53,2026-08-11T19:58:57Z,28455528243,3,Top movers,11.48,10.062,1.418,1.1102230246251565e-15,True,,10.174,4.275
54,54,2026-08-11T20:08:57Z,28993570106,3,Top movers,14.747,10.915,3.832,8.881784197001252e-16,True,,10.501,1.2760000000000016
55,55,2026-08-11T20:18:57Z,29545700964,3,Top movers,11.463,10.501,0.962,-2.220446049250313e-16,True,,10.579,3.869999999999999
56,56,2026-08-11T20:28:57Z,30083988028,3,Top movers,18.269,14.575,3.618,0.07599999999999918,True,,10.695,1.1029999999999998
57,57,2026-08-11T20:38:57Z,30630575890,3,Top movers,11.777,10.579,1.198,-1.3322676295501878e-15,True,,10.915,3.6530000000000005
58,58,2026-08-11T20:48:57Z,31165284381,3,Top movers,15.218,11.351,3.867,-8.881784197001252e-16,True,,11.052,1.6449999999999996
59,59,2026-08-11T20:58:57Z,31720586913,3,Top movers,11.798,10.695,1.103,-2.220446049250313e-16,True,,11.052,3.516
60,60,2026-08-11T21:08:57Z,32256432850,3,Top movers,14.568,11.052,3.516,0.0,True,,11.052,2.349
61,61,2026-08-11T21:18:57Z,32804567571,3,Top movers,12.697,11.757,0.94,-4.440892098500626e-16,True,,11.351,3.2169999999999987
62,62,2026-08-11T21:28:57Z,33359668543,3,Top movers,16.153,10.97,5.183,-1.7763568394002505e-15,True,,11.757,1.6460000000000008
63,63,2026-08-11T21:38:57Z,33893505898,3,Top movers,13.401,12.239,1.162,-8.881784197001252e-16,True,,11.942,2.6259999999999994
64,64,2026-08-11T21:48:57Z,34442826434,3,Top movers,16.902,12.381,4.521,8.881784197001252e-16,True,,11.942,1.4610000000000003
65,65,2026-08-11T21:58:57Z,34990195086,3,Top movers,13.403,11.942,1.461,2.220446049250313e-16,True,,11.942,1.9019999999999992
66,66,2026-08-11T22:08:57Z,35543561911,3,Top movers,14.9,12.132,2.768,8.881784197001252e-16,True,,12.132,1.7119999999999997
67,67,2026-08-11T22:18:57Z,36086551556,3,Top movers,12.962,11.804,1.158,-4.440892098500626e-16,True,,12.132,2.4509999999999987
68,68,2026-08-11T22:28:57Z,36629144961,3,Top movers,13.844,11.649,2.195,4.440892098500626e-16,True,,12.132,1.7119999999999997
69,69,2026-08-11T22:38:57Z,37176739226,3,Top movers,14.583,12.998,1.585,8.881784197001252e-16,True,,12.211,2.371999999999998
70,70,2026-08-11T22:48:57Z,37714068818,3,Top movers,16.926,12.211,4.715,-1.7763568394002505e-15,True,,12.504,2.078999999999999
71,71,2026-08-11T22:58:57Z,38258658415,3,Top movers,13.419,12.616,0.803,7.771561172376096e-16,True,,12.616,2.1140000000000008
72,72,2026-08-11T23:08:57Z,38815458699,3,Top movers,17.392,12.504,4.888,0.0,True,,12.87,1.8600000000000012
73,73,2026-08-11T23:18:57Z,39353814542,3,Top movers,14.73,12.896,1.834,-4.440892098500626e-16,True,,12.87,3.474000000000002
74,74,2026-08-11T23:28:57Z,39910561199,3,Top movers,16.344,12.87,3.474,1.7763568394002505e-15,True,,12.896,1.8339999999999996
75,75,2026-08-11T23:38:57Z,40450795463,3,Top movers,14.064,13.008,1.056,8.881784197001252e-16,True,,12.896,3.097999999999999
76,76,2026-08-11T23:48:57Z,41001235716,3,Top movers,18.05,13.429,4.621,0.0,True,,12.896,1.8339999999999996
77,77,2026-08-11T23:58:57Z,41541364286,3,Top movers,14.477,13.421,1.056,8.881784197001252e-16,True,,13.008,2.9860000000000007
78,78,2026-08-12T00:08:57Z,42087321356,3,Top movers,15.994,11.386,4.608,8.881784197001252e-16,True,,13.008,1.4690000000000012
79,79,2026-08-12T00:18:57Z,42638946619,3,Top movers,13.131,11.428,1.703,-6.661338147750939e-16,True,,11.428,3.5269999999999992
80,80,2026-08-12T00:28:57Z,43189555601,3,Top movers,18.033,13.829,4.204,8.881784197001252e-16,True,,11.428,3.0489999999999995
81,81,2026-08-12T00:38:57Z,43737335549,3,Top movers,12.114,10.838,1.276,1.5543122344752192e-15,True,,11.428,3.5269999999999992
82,82,2026-08-12T00:48:57Z,44285385932,3,Top movers,14.955,11.068,3.887,4.440892098500626e-16,True,,11.428,2.0879999999999974
83,83,2026-08-12T00:58:57Z,44819116712,3,Top movers,13.516,12.386,1.13,8.881784197001252e-16,True,,11.643,3.277000000000001
84,84,2026-08-12T01:08:57Z,45370941730,3,Top movers,16.535,11.784,4.751,-8.881784197001252e-16,True,,11.643,1.8729999999999976
85,85,2026-08-12T01:18:57Z,45915210443,3,Top movers,12.764,11.414,1.35,-4.440892098500626e-16,True,,11.643,1.8729999999999976
86,86,2026-08-12T01:28:57Z,46469268846,3,Top movers,14.92,11.643,3.277,-8.881784197001252e-16,True,,11.643,1.657
87,87,2026-08-12T01:38:57Z,47014619196,3,Top movers,13.3,11.98,1.32,2.220446049250313e-16,True,,11.414,1.3499999999999996
88,88,2026-08-12T01:48:57Z,47557887173,3,Top movers,2.428,0.196,2.232,-4.440892098500626e-16,True,,0.843,1.621
89,89,2026-08-12T01:58:57Z,48108937450,3,Top movers,1.215,0.84,0.375,1.1102230246251565e-16,True,,0.84,1.624
90,90,2026-08-12T02:08:57Z,48654354733,3,Top movers,2.464,0.557,1.907,0.0,True,,0.817,1.6110000000000004
91,91,2026-08-12T02:18:57Z,49198792764,3,Top movers,1.132,0.843,0.289,-5.551115123125783e-17,True,,0.557,1.267
92,92,2026-08-12T02:28:57Z,49752959746,3,Top movers,3.534,0.817,2.717,-4.440892098500626e-16,True,,0.611,1.021
93,93,2026-08-12T02:38:57Z,50295558507,3,Top movers,1.366,0.219,1.147,0.0,True,,0.557,1.267
94,94,2026-08-12T02:48:57Z,50839423797,3,Top movers,1.824,0.346,1.478,2.220446049250313e-16,True,,0.611,1.135
95,95,2026-08-12T02:58:57Z,51388846496,3,Top movers,1.632,0.611,1.021,0.0,True,,0.611,1.2129999999999999
96,96,2026-08-12T03:08:57Z,51921113849,3,Top movers,2.967,0.549,2.418,0.0,True,,0.611,1.2129999999999999
97,97,2026-08-12T03:18:57Z,52476957308,3,Top movers,1.746,1.183,0.563,0.0,True,,1.151,1.256
98,98,2026-08-12T03:28:57Z,53013859627,3,Top movers,3.376,1.151,2.225,-4.440892098500626e-16,True,,1.183,1.224
99,99,2026-08-12T03:38:57Z,53553602030,3,Top movers,2.407,1.205,1.202,0.0,True,,1.205,1.762
100,100,2026-08-12T03:48:57Z,54096739316,3,Top movers,3.709,1.298,2.411,0.0,True,,1.287,1.1509999999999998
101,101,2026-08-12T03:58:57Z,54638958461,3,Top movers,2.366,1.287,1.079,2.220446049250313e-16,True,,1.298,2.0780000000000003
102,102,2026-08-12T04:08:57Z,55184688243,3,Top movers,3.422,1.568,1.854,0.0,True,,1.568,1.854
103,103,2026-08-12T04:18:57Z,55728939933,3,Top movers,2.438,1.926,0.512,2.220446049250313e-16,True,,1.775,1.6470000000000002
104,104,2026-08-12T04:28:57Z,56273535672,3,Top movers,9.634,2.136,7.498,0.0,True,,1.926,1.4960000000000002
105,105,2026-08-12T04:38:57Z,56810381460,3,Top movers,4.901,2.227,2.674,0.0,True,,2.136,2.454999999999999
106,106,2026-08-12T04:48:57Z,57362361385,3,Top movers,3.281,1.775,1.506,2.220446049250313e-16,True,,2.208,2.382999999999999
107,107,2026-08-12T04:58:57Z,57913493016,3,Top movers,4.591,2.445,2.146,4.440892098500626e-16,True,,2.227,2.3639999999999994
108,108,2026-08-12T05:08:57Z,58446958006,3,Top movers,4.742,2.999,1.743,-2.220446049250313e-16,True,,2.441,2.096
109,109,2026-08-12T05:18:57Z,58996538773,3,Top movers,2.863,2.208,0.655,-2.220446049250313e-16,True,,2.445,2.092
110,110,2026-08-12T05:28:57Z,59543392881,3,Top movers,4.537,3.125,1.412,0.0,True,,2.999,1.5919999999999992
111,111,2026-08-12T05:38:57Z,60095495207,3,Top movers,4.452,2.441,2.011,0.0,True,,3.125,1.617
112,112,2026-08-12T05:48:57Z,60639957737,3,Top movers,9.682,3.563,6.119,0.0,True,,3.563,4.734999999999999
113,113,2026-08-12T05:58:57Z,61187361357,3,Top movers,8.298,3.772,4.526,0.0,True,,3.772,4.526
114,114,2026-08-12T06:08:57Z,61731139656,3,Top movers,9.026,4.571,4.455,0.0,True,,3.772,4.526
115,115,2026-08-12T06:18:57Z,62279567684,3,Top movers,11.599,9.896,1.703,-6.661338147750939e-16,True,,3.772,5.254
116,116,2026-08-12T06:28:57Z,62825580983,3,Top movers,7.786,3.79,3.996,-4.440892098500626e-16,True,,3.79,4.508
117,117,2026-08-12T06:38:57Z,63370928291,3,Top movers,4.839,3.625,1.214,4.440892098500626e-16,True,,3.977,5.0489999999999995
118,118,2026-08-12T06:48:57Z,63914819184,3,Top movers,10.092,3.482,6.61,0.0,True,,3.977,3.8089999999999997
119,119,2026-08-12T06:58:57Z,64455955665,3,Top movers,7.204,4.36,2.844,-4.440892098500626e-16,True,,3.977,3.8089999999999997
120,120,2026-08-12T07:08:57Z,65003623242,3,Top movers,10.158,3.977,6.181,-8.881784197001252e-16,True,,4.026,3.2059999999999995
121,121,2026-08-12T07:18:57Z,65557201130,3,Top movers,7.232,4.026,3.206,4.440892098500626e-16,True,,4.36,3.5680000000000005
122,122,2026-08-12T07:28:57Z,66099065156,3,Top movers,10.514,4.963,5.551,-8.881784197001252e-16,True,,4.963,2.9650000000000007
123,123,2026-08-12T07:38:57Z,66642452422,3,Top movers,7.231,5.045,2.186,0.0,True,,5.045,5.1129999999999995
124,124,2026-08-12T07:48:57Z,67182421438,3,Top movers,7.928,5.057,2.871,-4.440892098500626e-16,True,,5.057,5.456999999999999
125,125,2026-08-12T07:58:57Z,67727916114,3,Top movers,12.579,11.044,1.465,0.07000000000000006,True,,9.84,2.6690000000000005
126,126,2026-08-12T08:08:57Z,68267471024,3,Top movers,13.121,9.84,3.281,4.440892098500626e-16,True,,10.722,2.399000000000001
127,127,2026-08-12T08:18:57Z,68802200323,3,Top movers,13.331,11.525,1.806,-8.881784197001252e-16,True,,10.722,2.399000000000001
128,128,2026-08-12T08:28:57Z,69346329844,3,Top movers,13.957,10.777,3.18,1.3322676295501878e-15,True,,10.722,2.399000000000001
129,129,2026-08-12T08:38:57Z,69897183390,3,Top movers,13.756,10.722,3.034,8.881784197001252e-16,True,,9.84,3.2810000000000006
130,130,2026-08-12T08:48:57Z,70428726736,3,Top movers,0.862,0.484,0.378,0.0,True,,0.947,2.94
131,131,2026-08-12T08:58:57Z,70979357463,3,Top movers,3.887,0.661,3.226,0.0,True,,0.947,2.721
132,132,2026-08-12T09:08:57Z,71519985704,3,Top movers,1.183,0.715,0.468,5.551115123125783e-17,True,,0.947,2.721
133,133,2026-08-12T09:18:57Z,72058735690,3,Top movers,3.668,0.947,2.721,0.0,True,,0.947,0.932
134,134,2026-08-12T09:28:57Z,72596851158,3,Top movers,1.879,1.157,0.722,0.0,True,,0.978,2.6900000000000004
135,135,2026-08-12T09:38:57Z,73126410994,3,Top movers,4.232,1.318,2.914,0.0,True,,1.157,0.7649999999999999
136,136,2026-08-12T09:48:57Z,73663989869,3,Top movers,1.642,0.978,0.664,-1.1102230246251565e-16,True,,1.165,2.503
137,137,2026-08-12T09:58:57Z,74210734717,3,Top movers,3.821,1.401,2.42,0.0,True,,1.165,0.7569999999999999
138,138,2026-08-12T10:08:57Z,74754170511,3,Top movers,1.922,1.275,0.647,0.0,True,,1.275,2.4930000000000003
139,139,2026-08-12T10:18:57Z,75292467460,3,Top movers,3.768,1.165,2.603,-4.440892098500626e-16,True,,1.275,1.3370000000000002
140,140,2026-08-12T10:28:57Z,75839048271,3,Top movers,1.875,1.128,0.747,1.1102230246251565e-16,True,,1.401,2.367
141,141,2026-08-12T10:38:57Z,76379287699,3,Top movers,4.448,1.75,2.698,4.440892098500626e-16,True,,1.651,2.117
142,142,2026-08-12T10:48:57Z,76921212731,3,Top movers,2.612,1.651,0.961,1.1102230246251565e-16,True,,1.75,2.6980000000000004
143,143,2026-08-12T10:58:57Z,77474274891,3,Top movers,4.886,1.862,3.024,0.0,True,,1.862,2.5860000000000003
144,144,2026-08-12T11:08:57Z,78020239558,3,Top movers,14.268,12.658,1.519,0.0910000000000013,True,,2.205,2.5760000000000005
145,145,2026-08-12T11:18:57Z,78556038400,3,Top movers,4.781,2.205,2.576,-4.440892098500626e-16,True,,2.28,2.501000000000001
146,146,2026-08-12T11:28:57Z,79095605628,3,Top movers,3.487,2.346,1.141,0.0,True,,2.28,2.501000000000001
147,147,2026-08-12T11:38:57Z,79642025309,3,Top movers,9.403,2.965,6.438,8.881784197001252e-16,True,,2.343,1.5750000000000002
148,148,2026-08-12T11:48:57Z,80174044570,3,Top movers,3.113,2.28,0.833,2.220446049250313e-16,True,,2.343,1.5750000000000002
149,149,2026-08-12T11:58:57Z,80719696641,3,Top movers,3.918,1.797,2.121,4.440892098500626e-16,True,,2.346,1.141
150,150,2026-08-12T12:08:57Z,81262895664,3,Top movers,3.225,2.343,0.882,1.1102230246251565e-16,True,,2.343,1.5750000000000002
151,151,2026-08-12T12:18:57Z,81806775602,3,Top movers,4.141,2.428,1.713,0.0,True,,2.343,1.5750000000000002
152,152,2026-08-12T12:28:57Z,82353792598,3,Top movers,3.337,2.645,0.692,2.220446049250313e-16,True,,2.428,1.713
153,153,2026-08-12T12:38:57Z,82888706006,3,Top movers,4.478,2.24,2.238,-4.440892098500626e-16,True,,2.645,1.6119999999999997
154,154,2026-08-12T12:48:57Z,83443900439,3,Top movers,15.521,13.415,2.026,0.08000000000000185,True,,2.915,1.5629999999999997
155,155,2026-08-12T12:58:57Z,83986715739,3,Top movers,8.633,2.915,5.718,-8.881784197001252e-16,True,,2.915,1.5629999999999997
156,156,2026-08-12T13:08:57Z,84528180207,3,Top movers,4.257,3.27,0.987,-3.3306690738754696e-16,True,,2.915,1.9929999999999994
157,157,2026-08-12T13:18:57Z,85066604156,3,Top movers,8.797,3.741,5.056,8.881784197001252e-16,True,,2.951,1.9569999999999994
158,158,2026-08-12T13:28:57Z,85620033283,3,Top movers,3.949,2.856,1.093,0.0,True,,2.951,1.9569999999999994
159,159,2026-08-12T13:38:57Z,86152994817,3,Top movers,4.908,2.36,2.548,4.440892098500626e-16,True,,3.27,1.6379999999999995
160,160,2026-08-12T13:48:57Z,86704737177,3,Top movers,4.413,2.951,1.462,2.220446049250313e-16,True,,3.389,1.5189999999999997
161,161,2026-08-12T13:58:57Z,87242847941,3,Top movers,19.242,15.922,3.219,0.10100000000000042,True,,3.145,1.3649999999999998
162,162,2026-08-12T14:08:57Z,87786454820,3,Top movers,10.316,8.751,1.476,0.0890000000000013,True,,3.389,1.5189999999999997
163,163,2026-08-12T14:18:57Z,88330971978,3,Top movers,4.51,3.389,1.121,0.0,True,,3.501,1.009
164,164,2026-08-12T14:28:57Z,88873955947,3,Top movers,4.253,3.145,1.108,0.0,True,,4.043,2.708
165,165,2026-08-12T14:38:57Z,89419840113,3,Top movers,6.751,4.043,2.708,0.0,True,,4.043,2.708
166,166,2026-08-12T14:48:57Z,89959994694,3,Top movers,4.36,3.501,0.859,4.440892098500626e-16,True,,4.043,2.708
167,167,2026-08-12T14:58:57Z,90505068849,3,Top movers,12.086,10.419,1.667,-2.220446049250313e-16,True,,4.957,2.9509999999999996
168,168,2026-08-12T15:08:57Z,91061606220,3,Top movers,11.675,9.72,1.955,0.0,True,,9.72,0.968
169,169,2026-08-12T15:18:57Z,91608517197,3,Top movers,7.908,4.957,2.951,4.440892098500626e-16,True,,9.858,1.8170000000000002
170,170,2026-08-12T15:28:57Z,92153494394,3,Top movers,10.688,9.858,0.83,1.1102230246251565e-16,True,,10.419,1.6669999999999998
171,171,2026-08-12T15:38:57Z,92698030525,3,Top movers,12.501,10.835,1.666,-1.3322676295501878e-15,True,,10.393,1.8309999999999995
172,172,2026-08-12T15:48:57Z,93242607069,3,Top movers,13.411,12.227,1.095,0.0889999999999993,True,,10.602,1.899000000000001
173,173,2026-08-12T15:58:57Z,93787407199,3,Top movers,12.968,10.991,1.977,2.220446049250313e-16,True,,10.835,1.876999999999999
174,174,2026-08-12T16:08:57Z,94330065240,3,Top movers,12.224,10.393,1.831,-4.440892098500626e-16,True,,10.835,1.876999999999999
175,175,2026-08-12T16:18:57Z,94877773840,3,Top movers,12.712,10.602,2.11,-4.440892098500626e-16,True,,10.904,2.064
176,176,2026-08-12T16:28:57Z,95419508344,3,Top movers,13.37,10.904,2.466,-8.881784197001252e-16,True,,10.904,1.8079999999999998
177,177,2026-08-12T16:38:57Z,95972724266,3,Top movers,12.512,10.253,2.259,4.440892098500626e-16,True,,10.904,1.8079999999999998
178,178,2026-08-12T16:48:57Z,96513946374,3,Top movers,13.786,11.269,2.517,-4.440892098500626e-16,True,,11.105,2.1549999999999994
179,179,2026-08-12T16:58:57Z,97064716964,3,Top movers,12.357,11.221,1.136,-6.661338147750939e-16,True,,11.105,2.2650000000000006
180,180,2026-08-12T17:08:57Z,97615350266,3,Top movers,15.406,12.894,2.367,0.14500000000000046,True,,11.105,2.1549999999999994
181,181,2026-08-12T17:18:57Z,98161784620,3,Top movers,13.26,11.105,2.155,-4.440892098500626e-16,True,,11.221,2.5649999999999995
182,182,2026-08-12T17:28:57Z,98700378757,3,Top movers,13.983,10.9,3.083,0.0,True,,11.163,2.458500000000001
183,183,2026-08-12T17:38:57Z,99259158207,3,Top movers,12.328,10.863,1.465,-2.220446049250313e-16,True,,11.105,2.878
184,184,2026-08-12T17:48:57Z,99801890611,3,Top movers,14.027,11.372,2.655,-4.440892098500626e-16,True,,11.002500000000001,2.6189999999999998
2,2,2026-08-11T11:28:57Z,532996784,4,Daily activity,1.34,0.26,1.08,0.0,True,,0.495,1.2965
3,3,2026-08-11T11:38:57Z,1108625165,4,Daily activity,1.574,0.454,1.12,0.0,True,,0.536,1.4729999999999999
4,4,2026-08-11T11:48:57Z,1658912507,4,Daily activity,2.228,0.536,1.692,2.220446049250313e-16,True,,0.6975,1.421
5,5,2026-08-11T11:58:57Z,2217147353,4,Daily activity,2.009,0.859,1.15,0.0,True,,0.859,1.3689999999999998
6,6,2026-08-11T12:08:57Z,2786291244,4,Daily activity,3.007,1.059,1.948,2.220446049250313e-16,True,,1.03,1.26
7,7,2026-08-11T12:18:57Z,3343738155,4,Daily activity,2.316,1.03,1.286,-2.220446049250313e-16,True,,1.059,1.257
8,8,2026-08-11T12:28:57Z,3899391577,4,Daily activity,3.592,1.379,2.213,0.0,True,,1.289,1.7179999999999997
9,9,2026-08-11T12:38:57Z,4448004794,4,Daily activity,2.29,1.289,1.001,2.220446049250313e-16,True,,1.349,1.8910000000000002
10,10,2026-08-11T12:48:57Z,5002254267,4,Daily activity,3.294,1.349,1.945,0.0,True,,1.379,1.915
11,11,2026-08-11T12:58:57Z,5553730140,4,Daily activity,3.24,1.744,1.496,2.220446049250313e-16,True,,1.744,1.772
12,12,2026-08-11T13:08:57Z,6107183801,4,Daily activity,4.1,2.126,1.974,-2.220446049250313e-16,True,,2.126,1.1680000000000001
13,13,2026-08-11T13:18:57Z,6662885451,4,Daily activity,3.516,2.159,1.357,2.220446049250313e-16,True,,2.126,1.3900000000000001
14,14,2026-08-11T13:28:57Z,7220407062,4,Daily activity,9.723,2.582,7.141,8.881784197001252e-16,True,,2.126,1.3900000000000001
15,15,2026-08-11T13:38:57Z,7772453021,4,Daily activity,3.073,2.432,0.641,0.0,True,,2.126,1.6620000000000004
16,16,2026-08-11T13:48:57Z,8327660844,4,Daily activity,4.338,0.261,4.077,0.0,True,,0.697,2.819
17,17,2026-08-11T13:58:57Z,8869790384,4,Daily activity,2.016,0.472,1.544,0.0,True,,0.697,3.091
18,18,2026-08-11T14:08:57Z,9416167217,4,Daily activity,3.788,0.514,3.274,0.0,True,,0.697,3.091
19,19,2026-08-11T14:18:57Z,9966828956,4,Daily activity,1.577,0.697,0.88,0.0,True,,0.697,3.468
20,20,2026-08-11T14:28:57Z,10515573711,4,Daily activity,11.128,1.125,10.003,0.0,True,,0.748,3.04
21,21,2026-08-11T14:38:57Z,11061458462,4,Daily activity,4.243,1.424,2.819,4.440892098500626e-16,True,,1.075,3.09
22,22,2026-08-11T14:48:57Z,11598082800,4,Daily activity,4.165,0.748,3.417,0.0,True,,1.125,3.04
23,23,2026-08-11T14:58:57Z,12155361632,4,Daily activity,2.458,1.172,1.286,2.220446049250313e-16,True,,1.172,3.0710000000000006
24,24,2026-08-11T15:08:57Z,12686918328,4,Daily activity,4.831,1.075,3.756,4.440892098500626e-16,True,,1.243,2.9219999999999997
25,25,2026-08-11T15:18:57Z,13239818975,4,Daily activity,2.083,1.305,0.778,2.220446049250313e-16,True,,1.243,2.9219999999999997
26,26,2026-08-11T15:28:57Z,13783825272,4,Daily activity,4.788,1.243,3.545,0.0,True,,1.305,1.659
27,27,2026-08-11T15:38:57Z,14320432691,4,Daily activity,1.974,1.418,0.556,0.0,True,,1.418,3.2529999999999992
28,28,2026-08-11T15:48:57Z,14865686419,4,Daily activity,4.671,1.642,3.029,4.440892098500626e-16,True,,1.543,1.421
29,29,2026-08-11T15:58:57Z,15406449067,4,Daily activity,2.964,1.929,1.035,0.0,True,,1.642,3.0289999999999995
30,30,2026-08-11T16:08:57Z,15953152260,4,Daily activity,9.914,1.688,8.226,-1.7763568394002505e-15,True,,1.688,2.0570000000000004
31,31,2026-08-11T16:18:57Z,16496810019,4,Daily activity,2.709,1.543,1.166,2.220446049250313e-16,True,,1.723,2.9479999999999995
32,32,2026-08-11T16:28:57Z,17037168163,4,Daily activity,11.656,1.723,9.933,0.0,True,,1.929,1.816
33,33,2026-08-11T16:38:57Z,17587595862,4,Daily activity,3.745,3.067,0.678,-1.1102230246251565e-16,True,,2.68,6.468
34,34,2026-08-11T16:48:57Z,18120902444,4,Daily activity,9.148,2.68,6.468,0.0,True,,2.927,0.96
35,35,2026-08-11T16:58:57Z,18664388826,4,Daily activity,3.745,2.927,0.818,1.1102230246251565e-16,True,,2.954,6.193999999999999
36,36,2026-08-11T17:08:57Z,19216193045,4,Daily activity,10.273,2.954,7.319,-8.881784197001252e-16,True,,3.067,0.879
37,37,2026-08-11T17:18:57Z,19745883933,4,Daily activity,3.887,3.14,0.747,-1.1102230246251565e-16,True,,3.121,6.026999999999999
38,38,2026-08-11T17:28:57Z,20305329136,4,Daily activity,12.077,3.121,8.956,0.0,True,,3.14,1.358
39,39,2026-08-11T17:38:57Z,20844684066,4,Daily activity,3.946,3.29,0.656,1.1102230246251565e-16,True,,3.29,6.853999999999998
40,40,2026-08-11T17:48:57Z,21391428069,4,Daily activity,14.131,3.84,10.291,0.0,True,,3.578,3.5720000000000005
41,41,2026-08-11T17:58:57Z,21938345201,4,Daily activity,4.498,3.578,0.92,3.3306690738754696e-16,True,,3.84,6.3039999999999985
42,42,2026-08-11T18:08:57Z,22480394175,4,Daily activity,10.144,4.507,5.637,8.881784197001252e-16,True,,3.936,3.2140000000000004
43,43,2026-08-11T18:18:57Z,23027036303,4,Daily activity,7.15,4.513,2.637,4.440892098500626e-16,True,,4.325,5.818999999999998
44,44,2026-08-11T18:28:57Z,23563684837,4,Daily activity,14.68,3.936,10.744,0.0,True,,4.433,2.7170000000000005
45,45,2026-08-11T18:38:57Z,24108292723,4,Daily activity,6.533,4.325,2.208,0.0,True,,4.507,5.636999999999999
46,46,2026-08-11T18:48:57Z,24651647019,4,Daily activity,11.909,4.433,7.476,8.881784197001252e-16,True,,4.513,2.6370000000000005
47,47,2026-08-11T18:58:57Z,25200289313,4,Daily activity,7.012,4.806,2.206,-4.440892098500626e-16,True,,4.806,6.806
48,48,2026-08-11T19:08:57Z,25747852434,4,Daily activity,15.888,10.157,5.731,0.0,True,,5.061,2.635
49,49,2026-08-11T19:18:57Z,26283076869,4,Daily activity,7.052,5.061,1.991,-4.440892098500626e-16,True,,5.071,6.541
50,50,2026-08-11T19:28:57Z,26820178083,4,Daily activity,11.612,10.067,1.545,0.0,True,,10.067,1.545
51,51,2026-08-11T19:38:57Z,27375417517,4,Daily activity,7.696,5.071,2.625,0.0,True,,10.157,2.5269999999999992
52,52,2026-08-11T19:48:57Z,27918995748,4,Daily activity,12.684,10.953,1.731,-2.220446049250313e-16,True,,10.597,2.0200000000000014
53,53,2026-08-11T19:58:57Z,28455528243,4,Daily activity,14.731,11.061,3.67,0.0,True,,10.597,2.0869999999999997
54,54,2026-08-11T20:08:57Z,28993570106,4,Daily activity,16.127,10.597,5.53,-8.881784197001252e-16,True,,10.597,2.0869999999999997
55,55,2026-08-11T20:18:57Z,29545700964,4,Daily activity,12.617,11.082,1.535,2.220446049250313e-16,True,,10.953,3.7780000000000005
56,56,2026-08-11T20:28:57Z,30083988028,4,Daily activity,15.014,10.593,4.421,-8.881784197001252e-16,True,,11.061,3.67
57,57,2026-08-11T20:38:57Z,30630575890,4,Daily activity,12.629,10.467,2.162,-8.881784197001252e-16,True,,11.082,3.9319999999999986
58,58,2026-08-11T20:48:57Z,31165284381,4,Daily activity,17.096,11.276,5.82,0.0,True,,11.082,2.2689999999999984
59,59,2026-08-11T20:58:57Z,31720586913,4,Daily activity,13.351,11.283,2.068,1.3322676295501878e-15,True,,10.884,2.4669999999999987
60,60,2026-08-11T21:08:57Z,32256432850,4,Daily activity,18.675,11.431,7.244,1.7763568394002505e-15,True,,11.276,2.0749999999999993
61,61,2026-08-11T21:18:57Z,32804567571,4,Daily activity,12.564,10.848,1.716,-6.661338147750939e-16,True,,11.283,2.110000000000001
62,62,2026-08-11T21:28:57Z,33359668543,4,Daily activity,11.755,10.884,0.871,4.440892098500626e-16,True,,11.283,2.110000000000001
63,63,2026-08-11T21:38:57Z,33893505898,4,Daily activity,13.393,11.614,1.779,0.0,True,,11.431,2.011000000000001
64,64,2026-08-11T21:48:57Z,34442826434,4,Daily activity,17.905,11.863,6.042,1.7763568394002505e-15,True,,11.614,1.8279999999999994
65,65,2026-08-11T21:58:57Z,34990195086,4,Daily activity,13.442,10.972,2.47,4.440892098500626e-16,True,,11.648,3.5329999999999995
66,66,2026-08-11T22:08:57Z,35543561911,4,Daily activity,16.891,12.448,4.443,-1.7763568394002505e-15,True,,11.863,3.3179999999999996
67,67,2026-08-11T22:18:57Z,36086551556,4,Daily activity,15.267,13.158,2.109,0.0,True,,12.067,3.1999999999999993
68,68,2026-08-11T22:28:57Z,36629144961,4,Daily activity,15.181,11.648,3.533,-4.440892098500626e-16,True,,12.067,3.113999999999999
69,69,2026-08-11T22:38:57Z,37176739226,4,Daily activity,14.857,12.067,2.79,-8.881784197001252e-16,True,,12.448,2.818999999999999
70,70,2026-08-11T22:48:57Z,37714068818,4,Daily activity,20.673,13.842,6.831,-2.6645352591003757e-15,True,,12.206,3.061
71,71,2026-08-11T22:58:57Z,38258658415,4,Daily activity,13.422,11.77,1.652,1.1102230246251565e-15,True,,12.206,3.164999999999999
72,72,2026-08-11T23:08:57Z,38815458699,4,Daily activity,19.227,12.559,6.668,8.881784197001252e-16,True,,12.559,2.8119999999999994
73,73,2026-08-11T23:18:57Z,39353814542,4,Daily activity,15.371,12.206,3.165,8.881784197001252e-16,True,,12.98,4.910999999999998
74,74,2026-08-11T23:28:57Z,39910561199,4,Daily activity,17.891,12.98,4.911,-1.7763568394002505e-15,True,,12.807,2.5639999999999983
75,75,2026-08-11T23:38:57Z,40450795463,4,Daily activity,15.051,13.26,1.791,4.440892098500626e-16,True,,12.807,3.984
76,76,2026-08-11T23:48:57Z,41001235716,4,Daily activity,19.764,13.873,5.891,0.0,True,,12.807,2.5639999999999983
77,77,2026-08-11T23:58:57Z,41541364286,4,Daily activity,14.67,12.807,1.863,-4.440892098500626e-16,True,,12.807,3.984
78,78,2026-08-12T00:08:57Z,42087321356,4,Daily activity,16.791,10.799,5.992,8.881784197001252e-16,True,,12.144,2.907
79,79,2026-08-12T00:18:57Z,42638946619,4,Daily activity,14.877,12.144,2.733,4.440892098500626e-16,True,,11.855,4.936
80,80,2026-08-12T00:28:57Z,43189555601,4,Daily activity,17.542,11.855,5.687,8.881784197001252e-16,True,,11.756,3.1210000000000004
81,81,2026-08-12T00:38:57Z,43737335549,4,Daily activity,13.672,11.588,2.084,1.3322676295501878e-15,True,,11.756,5.035
82,82,2026-08-12T00:48:57Z,44285385932,4,Daily activity,16.829,11.756,5.073,0.0,True,,11.855,3.0220000000000002
83,83,2026-08-12T00:58:57Z,44819116712,4,Daily activity,13.381,11.479,1.902,1.1102230246251565e-15,True,,11.855,4.974
84,84,2026-08-12T01:08:57Z,45370941730,4,Daily activity,19.909,12.465,7.444,-8.881784197001252e-16,True,,11.988,2.378
85,85,2026-08-12T01:18:57Z,45915210443,4,Daily activity,14.366,12.018,2.348,-8.881784197001252e-16,True,,11.988,2.378
86,86,2026-08-12T01:28:57Z,46469268846,4,Daily activity,17.352,12.423,4.929,0.0,True,,11.988,2.021000000000001
87,87,2026-08-12T01:38:57Z,47014619196,4,Daily activity,14.009,11.988,2.021,8.881784197001252e-16,True,,11.988,2.021000000000001
88,88,2026-08-12T01:48:57Z,47557887173,4,Daily activity,3.351,0.415,2.936,0.0,True,,0.762,2.589
89,89,2026-08-12T01:58:57Z,48108937450,4,Daily activity,1.124,0.469,0.655,1.1102230246251565e-16,True,,0.756,2.5949999999999998
90,90,2026-08-12T02:08:57Z,48654354733,4,Daily activity,3.103,0.46,2.643,4.440892098500626e-16,True,,0.469,2.634
91,91,2026-08-12T02:18:57Z,49198792764,4,Daily activity,1.267,0.762,0.505,-1.1102230246251565e-16,True,,0.469,2.634
92,92,2026-08-12T02:28:57Z,49752959746,4,Daily activity,4.486,0.756,3.73,-4.440892098500626e-16,True,,0.469,0.7979999999999999
93,93,2026-08-12T02:38:57Z,50295558507,4,Daily activity,0.929,0.233,0.696,1.1102230246251565e-16,True,,0.508,2.5949999999999998
94,94,2026-08-12T02:48:57Z,50839423797,4,Daily activity,3.778,0.508,3.27,0.0,True,,0.667,0.7509999999999999
95,95,2026-08-12T02:58:57Z,51388846496,4,Daily activity,0.7,0.449,0.251,-5.551115123125783e-17,True,,0.667,3.1109999999999998
96,96,2026-08-12T03:08:57Z,51921113849,4,Daily activity,3.88,0.667,3.213,0.0,True,,0.667,0.7509999999999999
97,97,2026-08-12T03:18:57Z,52476957308,4,Daily activity,1.418,0.704,0.714,0.0,True,,0.704,3.074
98,98,2026-08-12T03:28:57Z,53013859627,4,Daily activity,10.852,1.094,9.758,1.7763568394002505e-15,True,,1.035,0.405
99,99,2026-08-12T03:38:57Z,53553602030,4,Daily activity,1.317,1.035,0.282,5.551115123125783e-17,True,,1.094,2.7859999999999996
100,100,2026-08-12T03:48:57Z,54096739316,4,Daily activity,4.627,1.372,3.255,0.0,True,,1.212,1.6660000000000001
101,101,2026-08-12T03:58:57Z,54638958461,4,Daily activity,1.44,1.212,0.228,-2.7755575615628914e-17,True,,1.372,1.506
102,102,2026-08-12T04:08:57Z,55184688243,4,Daily activity,4.248,1.587,2.661,4.440892098500626e-16,True,,1.587,1.0410000000000001
103,103,2026-08-12T04:18:57Z,55728939933,4,Daily activity,2.878,1.813,1.065,2.220446049250313e-16,True,,1.75,1.1280000000000001
104,104,2026-08-12T04:28:57Z,56273535672,4,Daily activity,2.616,2.067,0.549,-1.1102230246251565e-16,True,,1.813,1.0650000000000002
105,105,2026-08-12T04:38:57Z,56810381460,4,Daily activity,2.628,2.063,0.565,0.0,True,,2.063,0.8799999999999999
106,106,2026-08-12T04:48:57Z,57362361385,4,Daily activity,3.845,1.75,2.095,0.0,True,,2.067,0.8759999999999999
107,107,2026-08-12T04:58:57Z,57913493016,4,Daily activity,2.943,2.321,0.622,-1.1102230246251565e-16,True,,2.304,0.9390000000000001
108,108,2026-08-12T05:08:57Z,58446958006,4,Daily activity,8.537,3.403,5.134,0.0,True,,2.321,1.524
109,109,2026-08-12T05:18:57Z,58996538773,4,Daily activity,3.243,2.304,0.939,1.1102230246251565e-16,True,,3.091,5.446000000000001
110,110,2026-08-12T05:28:57Z,59543392881,4,Daily activity,10.331,3.114,7.217,0.0,True,,3.091,5.446000000000001
111,111,2026-08-12T05:38:57Z,60095495207,4,Daily activity,13.228,3.091,10.137,0.0,True,,3.091,7.239999999999999
112,112,2026-08-12T05:48:57Z,60639957737,4,Daily activity,11.508,3.385,8.123,0.0,True,,3.091,7.239999999999999
113,113,2026-08-12T05:58:57Z,61187361357,4,Daily activity,3.85,2.746,1.104,0.0,True,,3.114,7.217
114,114,2026-08-12T06:08:57Z,61731139656,4,Daily activity,12.997,2.864,10.133,0.0,True,,3.254,5.1259999999999994
115,115,2026-08-12T06:18:57Z,62279567684,4,Daily activity,4.965,4.496,0.469,-5.551115123125783e-16,True,,3.372,5.007999999999999
116,116,2026-08-12T06:28:57Z,62825580983,4,Daily activity,8.38,4.058,4.322,8.881784197001252e-16,True,,3.372,4.704000000000001
117,117,2026-08-12T06:38:57Z,63370928291,4,Daily activity,8.076,3.254,4.822,8.881784197001252e-16,True,,3.602,4.777999999999999
118,118,2026-08-12T06:48:57Z,63914819184,4,Daily activity,11.161,3.372,7.789,0.0,True,,3.751,4.325000000000001
119,119,2026-08-12T06:58:57Z,64455955665,4,Daily activity,8.003,3.602,4.401,0.0,True,,3.751,4.629
120,120,2026-08-12T07:08:57Z,65003623242,4,Daily activity,14.226,4.036,10.19,1.7763568394002505e-15,True,,3.751,4.325000000000001
121,121,2026-08-12T07:18:57Z,65557201130,4,Daily activity,3.987,3.751,0.236,2.220446049250313e-16,True,,4.036,7.014000000000001
122,122,2026-08-12T07:28:57Z,66099065156,4,Daily activity,11.05,4.299,6.751,0.0,True,,4.279,3.747
123,123,2026-08-12T07:38:57Z,66642452422,4,Daily activity,8.026,4.279,3.747,0.0,True,,4.299,6.751
124,124,2026-08-12T07:48:57Z,67182421438,4,Daily activity,15.512,10.012,5.5,0.0,True,,4.357,6.6930000000000005
125,125,2026-08-12T07:58:57Z,67727916114,4,Daily activity,6.233,4.357,1.876,-4.440892098500626e-16,True,,10.012,1.9789999999999992
126,126,2026-08-12T08:08:57Z,68267471024,4,Daily activity,15.996,10.793,5.203,8.881784197001252e-16,True,,10.044,3.298
127,127,2026-08-12T08:18:57Z,68802200323,4,Daily activity,11.991,11.027,0.964,4.440892098500626e-16,True,,10.044,3.298
128,128,2026-08-12T08:28:57Z,69346329844,4,Daily activity,14.932,10.044,4.888,0.0,True,,10.044,1.9979999999999993
129,129,2026-08-12T08:38:57Z,69897183390,4,Daily activity,13.342,10.737,2.605,4.440892098500626e-16,True,,10.044,1.9979999999999993
130,130,2026-08-12T08:48:57Z,70428726736,4,Daily activity,1.37,0.379,0.991,1.1102230246251565e-16,True,,0.629,11.362
131,131,2026-08-12T08:58:57Z,70979357463,4,Daily activity,12.042,0.442,11.6,0.0,True,,0.629,3.7740000000000005
132,132,2026-08-12T09:08:57Z,71519985704,4,Daily activity,1.621,0.629,0.992,0.0,True,,0.629,3.7740000000000005
133,133,2026-08-12T09:18:57Z,72058735690,4,Daily activity,4.403,0.565,3.838,-4.440892098500626e-16,True,,0.629,1.967
134,134,2026-08-12T09:28:57Z,72596851158,4,Daily activity,2.596,1.033,1.563,2.220446049250313e-16,True,,1.011,3.3920000000000003
135,135,2026-08-12T09:38:57Z,73126410994,4,Daily activity,15.323,1.053,14.27,0.0,True,,1.011,1.5850000000000002
136,136,2026-08-12T09:48:57Z,73663989869,4,Daily activity,2.345,1.337,1.008,2.220446049250313e-16,True,,1.011,3.3920000000000003
137,137,2026-08-12T09:58:57Z,74210734717,4,Daily activity,10.295,1.011,9.284,0.0,True,,1.033,1.9420000000000002
138,138,2026-08-12T10:08:57Z,74754170511,4,Daily activity,1.791,0.944,0.847,0.0,True,,1.053,3.559
139,139,2026-08-12T10:18:57Z,75292467460,4,Daily activity,4.612,0.996,3.616,0.0,True,,1.184,1.7910000000000001
140,140,2026-08-12T10:28:57Z,75839048271,4,Daily activity,2.975,1.854,1.121,0.0,True,,1.184,3.428
141,141,2026-08-12T10:38:57Z,76379287699,4,Daily activity,16.591,1.184,15.407,1.7763568394002505e-15,True,,1.432,2.983
142,142,2026-08-12T10:48:57Z,76921212731,4,Daily activity,2.908,1.432,1.476,0.0,True,,1.575,3.037
143,143,2026-08-12T10:58:57Z,77474274891,4,Daily activity,11.394,1.575,9.819,0.0,True,,1.807,2.608
144,144,2026-08-12T11:08:57Z,78020239558,4,Daily activity,4.415,2.696,1.719,-2.220446049250313e-16,True,,1.763,8.794
145,145,2026-08-12T11:18:57Z,78556038400,4,Daily activity,13.584,1.81,11.774,0.0,True,,1.763,2.652
146,146,2026-08-12T11:28:57Z,79095605628,4,Daily activity,3.974,1.807,2.167,4.440892098500626e-16,True,,1.763,2.774
147,147,2026-08-12T11:38:57Z,79642025309,4,Daily activity,10.557,1.763,8.794,0.0,True,,1.807,2.608
148,148,2026-08-12T11:48:57Z,80174044570,4,Daily activity,2.788,1.559,1.229,-2.220446049250313e-16,True,,1.807,2.73
149,149,2026-08-12T11:58:57Z,80719696641,4,Daily activity,4.537,1.55,2.987,0.0,True,,1.807,2.167
150,150,2026-08-12T12:08:57Z,81262895664,4,Daily activity,3.629,2.384,1.245,0.0,True,,1.923,2.614
151,151,2026-08-12T12:18:57Z,81806775602,4,Daily activity,8.951,2.391,6.56,8.881784197001252e-16,True,,2.071,1.685
152,152,2026-08-12T12:28:57Z,82353792598,4,Daily activity,3.217,1.923,1.294,0.0,True,,2.207,2.33
153,153,2026-08-12T12:38:57Z,82888706006,4,Daily activity,11.734,2.207,9.527,1.7763568394002505e-15,True,,2.384,2.31
154,154,2026-08-12T12:48:57Z,83443900439,4,Daily activity,3.756,2.071,1.685,-4.440892098500626e-16,True,,2.391,6.5600000000000005
155,155,2026-08-12T12:58:57Z,83986715739,4,Daily activity,12.221,2.555,9.666,0.0,True,,2.555,2.139
156,156,2026-08-12T13:08:57Z,84528180207,4,Daily activity,4.694,2.937,1.757,2.220446049250313e-16,True,,2.929,8.226999999999999
157,157,2026-08-12T13:18:57Z,85066604156,4,Daily activity,12.607,2.929,9.678,-1.7763568394002505e-15,True,,2.937,1.7570000000000001
158,158,2026-08-12T13:28:57Z,85620033283,4,Daily activity,4.598,2.997,1.601,0.0,True,,2.997,7.856999999999999
159,159,2026-08-12T13:38:57Z,86152994817,4,Daily activity,11.156,3.197,7.959,8.881784197001252e-16,True,,2.997,1.697
160,160,2026-08-12T13:48:57Z,86704737177,4,Daily activity,4.633,3.835,0.798,0.0,True,,3.197,6.761
161,161,2026-08-12T13:58:57Z,87242847941,4,Daily activity,10.854,3.657,7.197,-8.881784197001252e-16,True,,3.197,1.6509999999999998
162,162,2026-08-12T14:08:57Z,87786454820,4,Daily activity,4.337,2.845,1.492,-4.440892098500626e-16,True,,3.34,3.9049999999999994
163,163,2026-08-12T14:18:57Z,88330971978,4,Daily activity,9.958,3.866,6.092,8.881784197001252e-16,True,,3.657,3.587999999999999
164,164,2026-08-12T14:28:57Z,88873955947,4,Daily activity,4.848,2.972,1.876,0.0,True,,3.652,4.023
165,165,2026-08-12T14:38:57Z,89419840113,4,Daily activity,7.245,3.34,3.905,4.440892098500626e-16,True,,3.652,4.023
166,166,2026-08-12T14:48:57Z,89959994694,4,Daily activity,7.883,4.07,3.813,-4.440892098500626e-16,True,,3.866,4.017000000000001
167,167,2026-08-12T14:58:57Z,90505068849,4,Daily activity,7.675,3.652,4.023,0.0,True,,4.07,3.6049999999999995
168,168,2026-08-12T15:08:57Z,91061606220,4,Daily activity,8.886,4.528,4.358,0.0,True,,4.528,3.3550000000000013
169,169,2026-08-12T15:18:57Z,91608517197,4,Daily activity,8.958,5.016,3.942,0.0,True,,4.723,4.066
170,170,2026-08-12T15:28:57Z,92153494394,4,Daily activity,7.274,4.723,2.551,0.0,True,,4.851,4.034999999999999
171,171,2026-08-12T15:38:57Z,92698030525,4,Daily activity,8.789,4.851,3.938,-4.440892098500626e-16,True,,5.016,3.942
172,172,2026-08-12T15:48:57Z,93242607069,4,Daily activity,12.106,10.369,1.737,0.0,True,,10.369,1.737
173,173,2026-08-12T15:58:57Z,93787407199,4,Daily activity,14.228,10.534,3.694,-8.881784197001252e-16,True,,10.38,2.9380000000000006
174,174,2026-08-12T16:08:57Z,94330065240,4,Daily activity,13.318,10.38,2.938,-1.3322676295501878e-15,True,,10.534,3.1899999999999995
175,175,2026-08-12T16:18:57Z,94877773840,4,Daily activity,13.724,10.546,3.178,8.881784197001252e-16,True,,10.534,3.264999999999999
176,176,2026-08-12T16:28:57Z,95419508344,4,Daily activity,14.293,10.619,3.674,-4.440892098500626e-16,True,,10.534,3.264999999999999
177,177,2026-08-12T16:38:57Z,95972724266,4,Daily activity,14.308,10.952,3.356,0.0,True,,10.546,3.253
178,178,2026-08-12T16:48:57Z,96513946374,4,Daily activity,13.799,10.208,3.591,-8.881784197001252e-16,True,,10.619,3.6739999999999995
179,179,2026-08-12T16:58:57Z,97064716964,4,Daily activity,12.859,10.524,2.335,8.881784197001252e-16,True,,10.75,3.558
180,180,2026-08-12T17:08:57Z,97615350266,4,Daily activity,14.355,10.75,3.605,4.440892098500626e-16,True,,10.931,3.3770000000000007
181,181,2026-08-12T17:18:57Z,98161784620,4,Daily activity,14.823,11.045,3.778,4.440892098500626e-16,True,,10.931,3.4240000000000013
182,182,2026-08-12T17:28:57Z,98700378757,4,Daily activity,16.147,11.56,4.587,-1.7763568394002505e-15,True,,10.988,3.5980000000000008
183,183,2026-08-12T17:38:57Z,99259158207,4,Daily activity,13.832,10.931,2.901,1.7763568394002505e-15,True,,11.045,3.7720000000000002
184,184,2026-08-12T17:48:57Z,99801890611,4,Daily activity,14.817,11.48,3.337,-4.440892098500626e-16,True,,11.2625,3.557500000000001
