base_table_rows,rendered_lag_minutes
532996784,1.7812703100586056
589363196,1.7828720426500184
645729607,1.779757919592934
702096019,1.7812313821997636
758462430,1.7836728513379203
814828842,1.7841636830849885
871195253,1.7822207857974812
927561665,1.7836135975230063
983928076,1.7864294025363125
1040294488,1.7876885157940117
1096660899,1.7865196076946201
1153027311,1.7878067649412803
1209393723,1.7905646136019118
1265760134,1.7912447460007292
1322126546,1.7894928512981976
1378492957,1.7904741311293304
1434859369,1.7924748526686818
1491225780,1.7926463211188153
1547592192,1.7907974142471146
1603958603,1.7918748874129842
1660325015,1.7956847212579168
1716691426,1.7989059139348569
1773057838,1.7997640654223865
1829424250,1.8014222495327508
1885790661,1.799940196501998
1942157073,1.799049685407611
1998523484,1.7979022557680495
2054889896,1.799434040433917
2111256307,1.7993833394006613
2167622719,1.7989660973665735
2223989130,1.7982673172176429
2280355542,1.7978403760128092
2336721953,1.7948853441364772
2393088365,1.792431628227892
2449454777,1.7919276930514036
2505821188,1.7975615315869913
2562187600,1.7979130590983612
2618554011,1.7967098489663447
2674920423,1.7954221815390403
2731286834,1.7942907624579147
2787653246,1.7891855158048273
2844019657,1.7819756064978656
2900386069,1.774776315861414
2956752480,1.7722104022321046
3013118892,1.7654204203043353
3069485304,1.7568678358257448
3125851715,1.7482812968847197
3182218127,1.7413064559406
3238584538,1.7313581295753464
3294950950,1.7195998679162567
3351317361,1.7122382695712195
3407683773,1.7108139052857985
3464050184,1.7051926618018027
3520416596,1.6980791238207262
3576783007,1.6914297594124852
3633149419,1.6903695523456814
3689515831,1.686218224184694
3745882242,1.6811143810796436
3802248654,1.6806146114332383
3858615065,1.6843960217211185
3914981477,1.6839510662254493
3971347888,1.6815462215676837
4027714300,1.6800002064359123
4084080711,1.6830590880188585
4140447123,1.681306529648945
4196813535,1.6778795643250417
4253179946,1.6746250634843856
4309546358,1.670246125143421
4365912769,1.6613163570876688
4422279181,1.6508870287882336
4478645592,1.6435628865963041
4535012004,1.6388118503184395
4591378415,1.6299443172561934
4647744827,1.6202565373465594
4704111238,1.611986146530707
4760477650,1.603029774987991
4816844062,1.59002257473263
4873210473,1.5788089441107223
4929576885,1.5713889559963878
4985943296,1.5624294969695316
5042309708,1.5498422406774912
5098676119,1.536650108885062
5155042531,1.5246992834532873
5211408942,1.5107755056418115
5267775354,1.4931962468844495
5324141765,1.4782754636605482
5380508177,1.4665348790533936
5436874589,1.452176200771575
5493241000,1.434365494761304
5549607412,1.4196013022827156
5605973823,1.407944350658171
5662340235,1.3943915745523017
5718706646,1.3801430884926165
5775073058,1.367419126826031
5831439469,1.3566276174226295
5887805881,1.3431963463341907
5944172292,1.330529483968604
6000538704,1.319798969058237
6056905116,1.3108430196677787
6113271527,1.303552358429728
6169637939,1.29787894349829
6226004350,1.2937968727518379
6282370762,1.2896799459891763
6338737173,1.2811593892583448
6395103585,1.2767214874930348
6451469996,1.274125215136571
6507836408,1.2717485972526301
6564202819,1.2679590016219189
6620569231,1.2666917441868637
6676935643,1.2670640577223202
6733302054,1.2629640486022014
6789668466,1.2530585317752994
6846034877,1.2474515403495325
6902401289,1.2433568943448896
6958767700,1.2391183519878277
7015134112,1.2290391045592728
7071500523,1.2220614544773847
7127866935,1.216556423045722
7184233346,1.206106953147894
7240599758,1.1917035743713424
7296966170,1.1820725389936944
7353332581,1.1739998094848716
7409698993,1.164971634476678
7466065404,1.150584220564113
7522431816,1.1409399709762873
7578798227,1.1326710334963124
7635164639,1.124176653215088
7691531050,1.1164634221538468
7747897462,1.1129144420232342
7804263873,1.110811047188868
7860630285,1.107430453820848
7916996697,1.0996424670216944
7973363108,1.0966122824960778
8029729520,1.094985614786283
8086095931,1.0923874415913324
8142462343,1.090346139946156
8198828754,1.0918535020962103
8255195166,1.0931028060342105
8311561577,1.0901621702291593
8367927989,1.0885083120706807
8424294400,1.090270201392273
8480660812,1.0931344099316385
8537027224,1.094626007913384
8593393635,1.0974834220940735
8649760047,1.1045149617685612
8706126458,1.1085081545757105
8762492870,1.1093512909364882
8818859281,1.1125429548121937
8875225693,1.1194335975795409
8931592104,1.122608576629142
8987958516,1.1229068486135438
9044324927,1.1252018305440779
9100691339,1.128070040666364
9157057751,1.1291281017104078
9213424162,1.1285701945764057
9269790574,1.13089473439036
9326156985,1.1339594627219216
9382523397,1.1354442704578347
9438889808,1.1353638144462792
9495256220,1.137929815709211
9551622631,1.1400206839908404
9607989043,1.1409324774496599
9664355454,1.1426230052098094
9720721866,1.1487371904116201
9777088278,1.1517424383235988
9833454689,1.1532490372727204
9889821101,1.1551462571267066
9946187512,1.1603201630764166
10002553924,1.162672121269532
10058920335,1.1640879823723185
10115286747,1.166835175360829
10171653158,1.1728744736271846
10228019570,1.1756363806277035
10284385982,1.1771032759065572
10340752393,1.180117771287096
10397118805,1.1852715893448187
10453485216,1.187431407277853
10509851628,1.1888184953196195
10566218039,1.192758131017539
10622584451,1.197689901148707
10678950862,1.1993277951752828
10735317274,1.200369333872609
10791683685,1.204551044566412
10848050097,1.209171756103536
10904416509,1.2114338421929367
10960782920,1.2133288585750202
11017149332,1.2189642160161283
11073515743,1.2233841092463469
11129882155,1.2256172647792645
11186248566,1.2273815044776701
11242614978,1.2336837407164263
11298981389,1.2380431009905224
11355347801,1.2401257579236777
11411714212,1.242325797786868
11468080624,1.2489746501252008
11524447036,1.252699066911195
11580813447,1.2547335287916008
11637179859,1.2574649682288883
11693546270,1.2642491381472747
11749912682,1.2678511466593605
11806279093,1.2700425827071133
11862645505,1.2728944189631974
11919011916,1.2794826558665433
11975378328,1.2829661884711172
12031744739,1.2850267146748053
12088111151,1.2881038677572123
12144477563,1.2949468662483246
12200843974,1.2988134207430377
12257210386,1.3011009909353777
12313576797,1.304816670482946
12369943209,1.3116094332614556
12426309620,1.3153158944916779
12482676032,1.3177362758766824
12539042443,1.3222169124831638
12595408855,1.3282944324634804
12651775266,1.331055600683536
12708141678,1.3325823314676861
12764508090,1.3366809962985415
12820874501,1.3415961552948776
12877240913,1.3439552521754343
12933607324,1.3456619496590532
12989973736,1.3509220221027742
13046340147,1.35464836903277
13102706559,1.355977063201943
13159072970,1.357124325038496
13215439382,1.3625288758588334
13271805793,1.3655268024659224
13328172205,1.3666978506735494
13384538617,1.3674572173702984
13440905028,1.372388999677892
13497271440,1.3739666873233307
13553637851,1.3738527980982116
13610004263,1.3740849279374636
13666370674,1.378641026325916
13722737086,1.3800528126410583
13779103497,1.3801434677679154
13835469909,1.3810986857720493
13891836320,1.3852842745561795
13948202732,1.386115042414913
14004569144,1.386264154253296
14060935555,1.388718004091856
14117301967,1.3926552337578386
14173668378,1.393759038204067
14230034790,1.3944881800916937
14286401201,1.3983674139590587
14342767613,1.4017663498515498
14399134024,1.4030021347213972
14455500436,1.4040411771677863
14511866847,1.4090392517541175
14568233259,1.4120110979108615
14624599671,1.412563398946348
14680966082,1.4129639344626956
14737332494,1.4175004559518867
14793698905,1.4194007469329717
14850065317,1.4194785205441762
14906431728,1.4197732201182
14962798140,1.424058838011318
15019164551,1.4251392718396787
15075530963,1.424854405001664
15131897374,1.4254393025446066
15188263786,1.4301333914999106
15244630198,1.4313832560974737
15300996609,1.4315985238796576
15357363021,1.4334017423401049
15413729432,1.4373229324553112
15470095844,1.437931316165403
15526462255,1.4378986491653607
15582828667,1.4400112087979298
15639195078,1.4432569707586105
15695561490,1.443275340963679
15751927901,1.4422119425194588
15808294313,1.4441365713176513
15864660725,1.445912328858913
15921027136,1.44553000330179
15977393548,1.4446887230074286
16033759959,1.4474271328239177
16090126371,1.4491249046488166
16146492782,1.4485241400596192
16202859194,1.4477093232853966
16259225605,1.4508213765045588
16315592017,1.4518845923845087
16371958429,1.451067445230978
16428324840,1.4502984805426415
16484691252,1.45348650060313
16541057663,1.453880842717926
16597424075,1.4523288782205936
16653790486,1.4512506858459047
16710156898,1.4538365012295584
16766523309,1.4539828870145937
16822889721,1.4523565482750243
16879256132,1.4521917316207251
16935622544,1.4551057631114837
16991988956,1.4554116556581724
17048355367,1.454372596309488
17104721779,1.4552949700353257
17161088190,1.4579005606980306
17217454602,1.4579040691438176
17273821013,1.457119623413528
17330187425,1.458652693736139
17386553836,1.4609618157927775
17442920248,1.4607088670169552
17499286659,1.459537072196579
17555653071,1.46092254117077
17612019483,1.4622522422738116
17668385894,1.4614954802919675
17724752306,1.4599607239559749
17781118717,1.462427609775794
17837485129,1.4629623865438435
17893851540,1.4614874876738282
17950217952,1.4600614423583322
18006584363,1.4626915306028279
18062950775,1.463005950330301
18119317186,1.4614357642543343
18175683598,1.4607623741196345
18232050010,1.4634226584855687
18288416421,1.4635581571358327
18344782833,1.4620057505607613
18401149244,1.4618088778858322
18457515656,1.463703333654567
18513882067,1.4632808963597312
18570248479,1.4612929927627967
18626614890,1.4618438785931516
18682981302,1.4632150829902364
18739347713,1.4624878941047132
18795714125,1.4603445441012608
18852080537,1.461288643405697
18908446948,1.4626171774418388
18964813360,1.4621166197290494
19021179771,1.4612531074109116
19077546183,1.4635467674066436
19133912594,1.4663241526148385
19190279006,1.4665673124689518
19246645417,1.4664842309713408
19303011829,1.4697613048645886
19359378240,1.4722224566043431
19415744652,1.4722801788375557
19472111064,1.4723520072344936
19528477475,1.4763291521624418
19584843887,1.477732786682268
19641210298,1.477119328846288
19697576710,1.4771198755947215
19753943121,1.4807707775433179
19810309533,1.4815535506766944
19866675944,1.48152353137296
19923042356,1.482692162051387
19979408767,1.4873076743705107
20035775179,1.4890038372899264
20092141591,1.4896045533953268
20148508002,1.4916792300433985
20204874414,1.497230554202022
20261240825,1.4997780605997728
20317607237,1.5007504184480647
20373973648,1.5033057826107785
20430340060,1.5081989653088161
20486706471,1.5099968779616508
20543072883,1.510637828376201
20599439294,1.5133856270186063
20655805706,1.5173871195643187
20712172118,1.5183554895964249
20768538529,1.5187130910658462
20824904941,1.5220376177652726
20881271352,1.525632116549404
20937637764,1.526651838409988
20994004175,1.527310054884041
21050370587,1.5316209446384579
21106736998,1.5344192484196308
21163103410,1.5351098945174249
21219469821,1.5357669513663528
21275836233,1.540340606786371
21332202645,1.5428856216211462
21388569056,1.5434127315858428
21444935468,1.5438681518703226
21501301879,1.54814416240541
21557668291,1.5497019374068552
21614034702,1.5497072793075601
21670401114,1.5502947798283635
21726767525,1.5552343527774999
21783133937,1.5571986936307007
21839500348,1.5575820224435937
21895866760,1.5588546785310664
21952233172,1.5631145047332398
22008599583,1.564352919247723
22064965995,1.5646042290523419
22121332406,1.566423930821945
22177698818,1.5705099957501572
22234065229,1.5713199100817774
22290431641,1.5710143606718727
22346798052,1.5727407361552108
22403164464,1.5755383819304365
22459530876,1.575652659051505
22515897287,1.5754278981327094
22572263699,1.578480725128813
22628630110,1.581282651723664
22684996522,1.581603900293973
22741362933,1.5820675973352185
22797729345,1.5864227778828368
22854095756,1.5895105492676218
22910462168,1.5908982560267586
22966828579,1.5922659509538508
23023194991,1.5977512191867287
23079561403,1.6012714643310182
23135927814,1.6026482582147046
23192294226,1.6040080406661459
23248660637,1.6092777100923348
23305027049,1.611448400862929
23361393460,1.6117935453924455
23417759872,1.6126068170629675
23474126283,1.6162629419142052
23530492695,1.6165942823750972
23586859106,1.6155927738494853
23643225518,1.6166739788588567
23699591930,1.6191973184941721
23755958341,1.6191296501181243
23812324753,1.6182094394566988
23868691164,1.620250934193116
23925057576,1.6227835724651338
23981423987,1.6228123009068556
24037790399,1.6226385454496968
24094156810,1.6256889402526025
24150523222,1.6281394360437247
24206889633,1.6277642006236743
24263256045,1.6271679283041285
24319622457,1.6304283191023023
24375988868,1.6321049026020924
24432355280,1.6315430490005134
24488721691,1.6308743357095874
24545088103,1.63448419035622
24601454514,1.6359104009601775
24657820926,1.635338545003036
24714187337,1.6351412901232856
24770553749,1.6394180755779906
24826920160,1.6409695457729607
24883286572,1.6411013196602466
24939652984,1.6420535031308578
24996019395,1.6466965796260173
25052385807,1.648140952456284
25108752218,1.6483327016608706
25165118630,1.6496132553739404
25221485041,1.6541018874794875
25277851453,1.655820581439777
25334217864,1.6564720477736135
25390584276,1.658861572636488
25446950687,1.663571158403193
25503317099,1.6650775173325665
25559683511,1.6655693395023607
25616049922,1.6685160695308638
25672416334,1.6731231319701392
25728782745,1.674531408231285
25785149157,1.6752457211069152
25841515568,1.6789492319941826
25897881980,1.6823000732525146
25954248391,1.6828592579725594
26010614803,1.6831213069251356
26066981214,1.6871635374978289
26123347626,1.6895314435285635
26179714038,1.6896669814942724
26236080449,1.6895375709329727
26292446861,1.6936264665040135
26348813272,1.6950667519696032
26405179684,1.6947361206674214
26461546095,1.6951767552436074
26517912507,1.6995947369417568
26574278918,1.7006671403024027
26630645330,1.7007427848377532
26687011741,1.7025415672136543
26743378153,1.7071222300281241
26799744565,1.7086692903203389
26856110976,1.7095163012309131
26912477388,1.7129925147727718
26968843799,1.717802300910307
27025210211,1.7201450285868312
27081576622,1.7219702713296714
27137943034,1.724422316509997
27194309445,1.7249373525548939
27250675857,1.723783305034725
27307042268,1.7212313012468814
27363408680,1.7222340686542335
27419775092,1.7226380093313747
27476141503,1.7211263989920802
27532507915,1.718747355458537
27588874326,1.716540786568185
27645240738,1.712415586923133
27701607149,1.7055221976888653
27757973561,1.7022006951779627
27814339972,1.7037364037875498
27870706384,1.70293219604741
27927072795,1.7001398716734148
27983439207,1.6973187941875525
28039805619,1.6943250236315728
28096172030,1.6885584285783763
28152538442,1.6816819585791487
28208904853,1.6787809987101996
28265271265,1.6747011637784603
28321637676,1.6678251132763935
28378004088,1.6596807657207884
28434370499,1.651863617212146
28490736911,1.6425291351372568
28547103322,1.6289191074314628
28603469734,1.6171838998569767
28659836146,1.607940414825986
28716202557,1.5968638899954506
28772568969,1.582753140352248
28828935380,1.5718998038500198
28885301792,1.5628913734789562
28941668203,1.5519224447273716
28998034615,1.5385101466288231
29054401026,1.5291390027711762
29110767438,1.5220868686289004
29167133850,1.511345200303952
29223500261,1.498332078920799
29279866673,1.4893911726737203
29336233084,1.48083664976083
29392599496,1.4699620942175602
29448965907,1.457149209110873
29505332319,1.448522704218599
29561698730,1.4395769362239264
29618065142,1.4261096150671866
29674431553,1.4112750744540268
29730797965,1.4011295834766007
29787164377,1.391947102130454
29843530788,1.377847896728229
29899897200,1.3637377907946377
29956263611,1.353106068504614
30012630023,1.3406308377181777
30068996434,1.32400833669085
30125362846,1.30881909392717
30181729257,1.297478259014877
30238095669,1.2843562417735241
30294462080,1.267403166000272
30350828492,1.2522336327573191
30407194904,1.2399525787702734
30463561315,1.2281831439138369
30519927727,1.214463162697818
30576294138,1.2035870836294869
30632660550,1.1955947171970949
30689026961,1.1840649393856362
30745393373,1.1696166538555928
30801759784,1.159024495472175
30858126196,1.1508834717337402
30914492607,1.1426946404918434
30970859019,1.133056034594319
31027225431,1.1277476847952825
31083591842,1.1200116861640022
31139958254,1.1078403175372844
31196324665,1.0956814877581857
31252691077,1.0878180205764738
31309057488,1.0813243697862125
31365423900,1.0742169525756533
31421790311,1.0673237258064365
31478156723,1.062898339930631
31534523134,1.056479046500274
31590889546,1.0497960857689745
31647255958,1.0429942942141401
31703622369,1.0399142881070857
31759988781,1.0378663986730317
31816355192,1.0352214450896686
31872721604,1.0352866782186432
31929088015,1.035983165896791
31985454427,1.0352446027828857
32041820838,1.0329301964002569
32098187250,1.033607493080276
32154553661,1.0335695021024622
32210920073,1.032979465142896
32267286485,1.0307060766176372
32323652896,1.0321965613146968
32380019308,1.0321997236536158
32436385719,1.0304337910477128
32492752131,1.0284085989939038
32549118542,1.0306876181217477
32605484954,1.0306520653961548
32661851365,1.0303546082684003
32718217777,1.028144617171346
32774584188,1.0295526526923477
32830950600,1.0285155712185214
32887317012,1.0274827270194968
32943683423,1.0264107729201832
33000049835,1.029207832187493
33056416246,1.0294271594350959
33112782658,1.0276701803483623
33169149069,1.0267149907562987
33225515481,1.0299202168228812
33281881892,1.0311015400154029
33338248304,1.0323747222669961
33394614715,1.034078039526332
33450981127,1.037306031284259
33507347539,1.037750121536421
33563713950,1.0364624547778396
33620080362,1.0363311296575262
33676446773,1.036465789799081
33732813185,1.0340256833730257
33789179596,1.0303434763352997
33845546008,1.0286116645720824
33901912419,1.0260572366008955
33958278831,1.021001547070872
34014645242,1.0169883653292993
34071011654,1.0155536495054533
34127378066,1.0125181474199354
34183744477,1.0070682308961865
34240110889,1.0031196425915918
34296477300,1.0015647111669144
34352843712,0.9976638990882449
34409210123,0.9910116187094433
34465576535,0.9861353128957336
34521942946,0.983324520885371
34578309358,0.9782465268033869
34634675769,0.9714931832526594
34691042181,0.9671314454882753
34747408593,0.9648342832860696
34803775004,0.9598828112777994
34860141416,0.953819621829084
34916507827,0.9508156691848377
34972874239,0.9511498024677728
35029240650,0.9488082209567986
35085607062,0.9452150803856081
35141973473,0.9446523875164522
35198339885,0.9470442913105634
35254706297,0.9468608682663181
35311072708,0.9456650975439157
35367439120,0.9473544923239725
35423805531,0.9521689223561052
35480171943,0.9533704679003452
35536538354,0.953136731507285
35592904766,0.9539803351323136
35649271177,0.9570224171007482
35705637589,0.9571173298032744
35762004000,0.955902489787603
35818370412,0.9571249863391427
35874736824,0.9588231300828721
35931103235,0.9582456603567013
35987469647,0.956860926648442
36043836058,0.9590040168872805
36100202470,0.9612882629886731
36156568881,0.9616251812904313
36212935293,0.9620879788235686
36269301704,0.9667178841977586
36325668116,0.9700084295810287
36382034527,0.9711428983374344
36438400939,0.972153691946667
36494767351,0.9773193592261467
36551133762,0.9796695348170659
36607500174,0.9798154171522868
36663866585,0.980032686066555
36720232997,0.9846101676311148
36776599408,0.9879913812180157
36832965820,0.9896445285073651
36889332231,0.9919882103050229
36945698643,0.9986360657973709
37002065054,1.0041840099457213
37058431466,1.008292766453084
37114797878,1.0136465295685069
37171164289,1.0225199044134388
37227530701,1.0299571071995193
37283897112,1.0359625484717512
37340263524,1.0433874196940245
37396629935,1.0523319056830853
37452996347,1.059752026641801
37509362758,1.0665276648917712
37565729170,1.0755584620849181
37622095581,1.0852451328045447
37678461993,1.0934374511222198
37734828405,1.1013791384511922
37791194816,1.1114916923363827
37847561228,1.1217969751957395
37903927639,1.1299999730661148
37960294051,1.138040731265696
38016660462,1.1481285958894196
38073026874,1.157589947233765
38129393285,1.16489352709866
38185759697,1.1716575592787093
38242126108,1.1805215350168026
38298492520,1.1864158250992103
38354858932,1.1908498678957904
38411225343,1.1956312141833738
38467591755,1.2021764407270676
38523958166,1.2060511299103538
38580324578,1.208301012178097
38636690989,1.2108648287413812
38693057401,1.2150257677411112
38749423812,1.2165193877264147
38805790224,1.2168963942457627
38862156635,1.2183824464746675
38918523047,1.2237263881108567
38974889459,1.2255931938909939
39031255870,1.226329908647595
39087622282,1.22866246244552
39143988693,1.2333529363516964
39200355105,1.2350947912922523
39256721516,1.23586035384215
39313087928,1.2391672560620541
39369454339,1.2425553398159044
39425820751,1.2426759302974557
39482187162,1.2418105083372273
39538553574,1.2440348776503931
39594919986,1.2453505383584815
39651286397,1.244557247474193
39707652809,1.2429820269288785
39764019220,1.2450216978996262
39820385632,1.2464746456038696
39876752043,1.2460077972664059
39933118455,1.2453704180408822
39989484866,1.248737681330761
40045851278,1.2509060344231788
40102217689,1.2511724028190179
40158584101,1.2513919627902794
40214950513,1.2560359013025557
40271316924,1.258405112238568
40327683336,1.258968977164523
40384049747,1.2596027250006432
40440416159,1.2642391698777518
40496782570,1.2661502068000559
40553148982,1.2666725854575445
40609515393,1.2678854193179727
40665881805,1.2731045791070157
40722248216,1.2752046378837367
40778614628,1.276148338770423
40834981040,1.278017732574101
40891347451,1.2827867040020349
40947713863,1.2843384126396318
41004080274,1.2849248049017206
41060446686,1.2871566706523787
41116813097,1.2919206297103338
41173179509,1.2934517069304856
41229545920,1.2941014409619802
41285912332,1.297358238183554
41342278744,1.3016204329437087
41398645155,1.303076321802026
41455011567,1.30394316212149
41511377978,1.3085131494636282
41567744390,1.3122650139789727
41624110801,1.3137004695943926
41680477213,1.3145613859561012
41736843624,1.319223315584315
41793210036,1.3222237486574009
41849576447,1.3227833590962315
41905942859,1.3233664964336798
41962309271,1.3281944762544107
42018675682,1.3309885794631204
42075042094,1.331913316317021
42131408505,1.3327762534982108
42187774917,1.3379407721443626
42244141328,1.3403594938813759
42300507740,1.3412295924927093
42356874151,1.342150485231127
42413240563,1.347410192600717
42469606974,1.3497862088020978
42525973386,1.3505603083326143
42582339798,1.3519048498483048
42638706209,1.357103896470295
42695072621,1.3592245169045443
42751439032,1.360175334021065
42807805444,1.3623559029206398
42864171855,1.3680287588312925
42920538267,1.3707237801413252
42976904678,1.3725543185344586
43033271090,1.3762056299993761
43089637501,1.3825853645975548
43146003913,1.3857819738366484
43202370325,1.3878013237108973
43258736736,1.39187065821855
43315103148,1.3977827059369092
43371469559,1.4007165955408325
43427835971,1.4026157779899777
43484202382,1.4071431317021543
43540568794,1.4120061506167516
43596935205,1.413903411441993
43653301617,1.4150478554905257
43709668028,1.4195192465886457
43766034440,1.4239764497445935
43822400852,1.4256324140452068
43878767263,1.4267224358774973
43935133675,1.4314346686407435
43991500086,1.4347001940828104
44047866498,1.4358249485365902
44104232909,1.436815640545435
44160599321,1.4420101503432623
44216965732,1.4449738213145245
44273332144,1.445279852576877
44329698555,1.444585215933068
44386064967,1.447757779436938
44442431379,1.4520218459839807
44498797790,1.4540095541676255
44555164202,1.4560439748624407
44611530613,1.4621348195075783
44667897025,1.4678984576481136
44724263436,1.4713922617189619
44780629848,1.4760508031367872
44836996259,1.4847884969846648
44893362671,1.4930066409946092
44949729082,1.5001031716284772
45006095494,1.5073046156050263
45062461906,1.5156743898298597
45118828317,1.5239537533716878
45175194729,1.531587078006978
45231561140,1.5395004996299717
45287927552,1.5491013545499792
45344293963,1.5579874240572378
45400660375,1.5662199035419493
45457026786,1.5744530559040508
45513393198,1.5843218549785891
45569759609,1.5931474481682204
45626126021,1.6014652830629348
45682492433,1.6098757286215277
45738858844,1.6197751777510399
45795225256,1.628102094393409
45851591667,1.6361379820993731
45907958079,1.643820303647702
45964324490,1.6530696577710713
46020690902,1.6604124421566022
46077057313,1.667991240500672
46133423725,1.6755138455350536
46189790136,1.6847181239359639
46246156548,1.6922159554804512
46302522960,1.6995543241855402
46358889371,1.7068012476879308
46415255783,1.7152050772795278
46471622194,1.7217225724064777
46527988606,1.728215859199879
46584355017,1.7349821781871493
46640721429,1.7430498878010265
46697087840,1.7494500903183592
46753454252,1.75594992163181
46809820663,1.7630462646399099
46866187075,1.7712382213016813
46922553487,1.7781437524244128
46978919898,1.7851876938153866
47035286310,1.7930730246671385
47091652721,1.8014378582564363
47148019133,1.8090597205841166
47204385544,1.8169987892892527
47260751956,1.826312249024761
47317118367,1.8350318369440297
47373484779,1.8428554485265731
47429851190,1.850448535114673
47486217602,1.8592148116974119
47542584014,1.8673579583411863
47598950425,1.875588277353196
47655316837,1.884568718845104
47711683248,1.8959979572668109
47768049660,1.9021423263376704
47824416071,1.907819637513058
47880782483,1.9138679972342583
47937148894,1.9224044009054233
47993515306,1.925342288250742
48049881718,1.9285948736738052
48106248129,1.932514839862309
48162614541,1.9383755587489366
48218980952,1.9382720984365942
48275347364,1.9381123939482152
48331713775,1.9379724737448698
48388080187,1.9437158469945355
48444446598,1.9437041110036184
48500813010,1.9434311804980007
48557179421,1.9440255915486417
48613545833,1.9490759837196707
48669912245,1.948687739132364
48726278656,1.9481591908189286
48782645068,1.9494905640218134
48839011479,1.9532982524078406
48895377891,1.95284263807436
48951744302,1.9523230719681584
49008110714,1.9546247932102487
49064477125,1.9574278486934689
49120843537,1.957140681501876
49177209948,1.9568482316158726
49233576360,1.9606496240820555
49289942772,1.9633770950752576
49346309183,1.9642263423304558
49402675595,1.9651491073924567
49459042006,1.970598092914395
49515408418,1.973279050318925
49571774829,1.9742592022758536
49628141241,1.9752124154828992
49684507652,1.977290167571745
49740874064,1.9749339155793155
49797240475,1.9709150563566176
49853606887,1.966669489016079
49909973299,1.9683910014455224
49966339710,1.964867491701572
50022706122,1.9601475771561865
50079072533,1.9551313547025342
50135438945,1.956234472718041
50191805356,1.9511343057576305
50248171768,1.9461939712620744
50304538179,1.9461776884970003
50360904591,1.9469994919812865
50417271002,1.941234773934854
50473637414,1.9356637597664574
50530003826,1.930176443923581
50586370237,1.9242879601610265
50642736649,1.9131373805798062
50699103060,1.902673726419776
50755469472,1.8929363295787416
50811835883,1.8818073566440217
50868202295,1.865546800019182
50924568706,1.85224029313045
50980935118,1.8428443450626382
51037301529,1.8308172294876566
51093667941,1.8148189232816812
51150034353,1.80298394787259
51206400764,1.7946774811150465
51262767176,1.7827609205175186
51319133587,1.7673973308861322
51375499999,1.7566062824936575
51431866410,1.7483317927204503
51488232822,1.735307467112315
51544599233,1.7199278940064215
51600965645,1.7097377439302017
51657332056,1.701307467314969
51713698468,1.6864323571948645
51770064880,1.6710536122685908
51826431291,1.6609339978563602
51882797703,1.6511673554502495
51939164114,1.6350388751761848
51995530526,1.6205777719041699
52051896937,1.6111060661194336
52108263349,1.6013323408063898
52164629760,1.585798585475524
52220996172,1.5714036646861929
52277362583,1.561554259291604
52333728995,1.5516877379882759
52390095407,1.5362564442365754
52446461818,1.5229928870398677
52502828230,1.5143459561743589
52559194641,1.504356693477615
52615561053,1.488478451500488
52671927464,1.473601728888844
52728293876,1.4622595866334802
52784660287,1.4479499263251123
52841026699,1.4295604150976484
52897393110,1.4119738057390305
52953759522,1.3956283618856609
53010125934,1.3783743016758685
53066492345,1.360757987496264
53122858757,1.34452650268766
53179225168,1.3294300675970219
53235591580,1.3097979108870366
53291957991,1.2911381691445891
53348324403,1.2744909882307354
53404690814,1.2589276208181446
53461057226,1.2382632336648673
53517423637,1.221679024692372
53573790049,1.206077378452207
53630156461,1.1863768297656239
53686522872,1.166701822947963
53742889284,1.1508362078864776
53799255695,1.1360420283714086
53855622107,1.1216031590260402
53911988518,1.1074520230653813
53968354930,1.0963124593814084
54024721341,1.0865994226983502
54081087753,1.0766279542821118
54137454165,1.0679755009186211
54193820576,1.0623683465811036
54250186988,1.054876641696081
54306553399,1.0443994108135677
54362919811,1.036634215826073
54419286222,1.0311525392450365
54475652634,1.023679563100542
54532019045,1.0143865983905027
54588385457,1.008404038925441
54644751868,1.0048080182430645
54701118280,0.9990589248400693
54757484692,0.9920482007433536
54813851103,0.9889574567453527
54870217515,0.9875311242537936
54926583926,0.9834388642545181
54982950338,0.9783359354984291
55039316749,0.9770758730159063
55095683161,0.9758123740286595
55152049572,0.9719468484519415
55208415984,0.9679658798300245
55264782395,0.9670321812016469
55321148807,0.9656621789844514
55377515219,0.9610372197769411
55433881630,0.9571411176888435
55490248042,0.9562405410702443
55546614453,0.954946220020365
55602980865,0.9511627254355314
55659347276,0.9488766276839009
55715713688,0.948474290003901
55772080099,0.9467895538690262
55828446511,0.9421724483532659
55884812922,0.9402341236762571
55941179334,0.9406552985178134
55997545746,0.9406426078096377
56053912157,0.9391795972051123
56110278569,0.9401989169462378
56166644980,0.9433777895694437
56223011392,0.9479830861463348
56279377803,0.9520056832858201
56335744215,0.9593782393664485
56392110626,0.9679522985927779
56448477038,0.9776707222315574
56504843449,0.9865757106704313
56561209861,0.9981305151680266
56617576273,1.0092405109785068
56673942684,1.0211585288272131
56730309096,1.0324266275419507
56786675507,1.0456330613644644
56843041919,1.0554333410000358
56899408330,1.0660086420297061
56955774742,1.0769911069569587
57012141153,1.0902932019467522
57068507565,1.1001484699430288
57124873976,1.1084543318009645
57181240388,1.1171587718000997
57237606800,1.1275713215954495
57293973211,1.134539493190326
57350339623,1.1401030924079845
57406706034,1.1469228759411882
57463072446,1.154920713272407
57519438857,1.1594928700800218
57575805269,1.1626160754704866
57632171680,1.1667316638544833
57688538092,1.1723640973334286
57744904503,1.176469245294058
57801270915,1.1781431972142338
57857637327,1.1807102526321624
57914003738,1.1850012367571272
57970370150,1.1871536602112998
58026736561,1.1865267598536544
58083102973,1.1867097586465076
58139469384,1.1879045225525358
58195835796,1.1893797325772972
58252202207,1.1893810596774026
58308568619,1.191653016876827
58364935030,1.1943756078368495
58421301442,1.1968829360352826
58477667854,1.1965890176061582
58534034265,1.1993376200081838
58590400677,1.201672523815775
58646767088,1.2041792247666012
58703133500,1.2046524280293072
58759499911,1.20861966043842
58815866323,1.208718300505826
58872232734,1.2085202769577263
58928599146,1.2055907059829851
58984965557,1.2057474630882532
59041331969,1.2046886021723826
59097698381,1.2035240684043187
59154064792,1.200656489749897
59210431204,1.2006639306870666
59266797615,1.1990812314920996
59323164027,1.197020034325561
59379530438,1.1939618726152534
59435896850,1.1932244232965548
59492263261,1.1903545911726432
59548629673,1.1866560927945187
59604996084,1.182830342419037
59661362496,1.1805501887647565
59717728908,1.1764511222524952
59774095319,1.1710044208687205
59830461731,1.1660792445596897
59886828142,1.1620950420351643
59943194554,1.156233031027441
59999560965,1.1483718625406594
60055927377,1.142287903452467
60112293788,1.1371143503430308
60168660200,1.1307316333435249
60225026612,1.1221949491517325
60281393023,1.116040015373006
60337759435,1.1095481281936113
60394125846,1.1020265282207473
60450492258,1.0941570816679154
60506858669,1.0904672283636856
60563225081,1.0856958997519597
60619591492,1.080750891477034
60675957904,1.0753695725290264
60732324315,1.0744876611650056
60788690727,1.071486920819951
60845057139,1.0684141937854688
60901423550,1.065847452457416
60957789962,1.0675466788776478
61014156373,1.0676657939808585
61070522785,1.065495019293449
61126889196,1.0641449766657722
61183255608,1.0671833500350592
61239622019,1.0679335063653779
61295988431,1.0681604170579444
61352354842,1.0715748653842962
61408721254,1.0806635703958827
61465087666,1.087151223715387
61521454077,1.0923264220335946
61577820489,1.098889047093705
61634186900,1.1092528742610686
61690553312,1.1168485226123195
61746919723,1.1242340660538679
61803286135,1.1357535717604172
61859652546,1.1492538052259191
61916018958,1.1587339964638297
61972385369,1.1665798543014716
62028751781,1.1783817287548095
62085118193,1.1905806707819409
62141484604,1.2011755403589908
62197851016,1.2116703309178118
62254217427,1.2273160686011833
62310583839,1.2421669942307119
62366950250,1.253818497449355
62423316662,1.2646698232557583
62479683073,1.2807605369931565
62536049485,1.2948280381320942
62592415896,1.3057529309152194
62648782308,1.3161682600760065
62705148720,1.3325767206341688
62761515131,1.34558070489596
62817881543,1.3568276321435948
62874247954,1.3679005589453275
62930614366,1.3848814001223329
62986980777,1.3978252260857231
63043347189,1.409463829943928
63099713600,1.4216543300778666
63156080012,1.4393569192544067
63212446423,1.4529932862007782
63268812835,1.4637984843386076
63325179247,1.4749100929166779
63381545658,1.4886677699540178
63437912070,1.4973406032758618
63494278481,1.503145672831551
63550644893,1.509939636382617
63607011304,1.5179795036875676
63663377716,1.5212279941660207
63719744127,1.5220552056581325
63776110539,1.5246291019625087
63832476950,1.5281727457776082
63888843362,1.5285537361286374
63945209774,1.528254446592171
64001576185,1.531211403094353
64057942597,1.5333536893448065
64114309008,1.5335562174481463
64170675420,1.5338293158324914
64227041831,1.5383953301727489
64283408243,1.5410803558942705
64339774654,1.5415385597954927
64396141066,1.5418746006452395
64452507477,1.546175421396124
64508873889,1.5475032718717459
64565240301,1.547556177369923
64621606712,1.546248900577102
64677973124,1.547612379624893
64734339535,1.5437166036084522
64790705947,1.5378473165528743
64847072358,1.5310363711730675
64903438770,1.5259135716180265
64959805181,1.5164318530401577
65016171593,1.5055624179675722
65072538004,1.4950527012512207
65128904416,1.4857879161038772
65185270828,1.4724586860729536
65241637239,1.459127216678608
65298003651,1.4476880371098326
65354370062,1.4376369493004064
65410736474,1.4241040800356715
65467102885,1.410544006633703
65523469297,1.3996135024823229
65579835708,1.389216308934719
65636202120,1.375512318040793
65692568531,1.3617561596296794
65748934943,1.3512836881063701
65805301355,1.3398634635321032
65861667766,1.3264992014705188
65918034178,1.3134660896838417
65974400589,1.3051510173649008
66030767001,1.2944566792128904
66087133412,1.2825503377226852
66143499824,1.2705151553565552
66199866235,1.2628354676787839
66256232647,1.2510584728527647
66312599059,1.238908431863872
66368965470,1.2267232636200536
66425331882,1.2189254857076404
66481698293,1.2066702138744396
66538064705,1.1938036055349919
66594431116,1.1827484493025013
66650797528,1.1768783012966328
66707163939,1.1678355573201968
66763530351,1.1592721440893436
66819896762,1.1548224590246692
66876263174,1.153976876097456
66932629586,1.150446920746384
66988995997,1.1483392728215014
67045362409,1.1497481969642438
67101728820,1.1543896357030197
67158095232,1.1558309950503871
67214461643,1.1567550240083952
67270828055,1.160793029317217
67327194466,1.165140781114969
67383560878,1.1669103681562754
67439927289,1.1678614211684013
67496293701,1.1721937354570666
67552660113,1.1750268004622875
67609026524,1.1752689086524122
67665392936,1.1753579748199607
67721759347,1.179347296718861
67778125759,1.1818668333027411
67834492170,1.1823491627208285
67890858582,1.182714574196338
67947224993,1.1871745152853272
68003591405,1.1884916165993529
68059957816,1.1876127207018567
68116324228,1.1868765265716066
68172690640,1.1886639536705774
68229057051,1.1892580984542978
68285423463,1.188348765981433
68341789874,1.1882308260357004
68398156286,1.1896723886450504
68454522697,1.1898402863384814
68510889109,1.1890857107920263
68567255520,1.189733888527455
68623621932,1.1921059560456966
68679988343,1.193301634047931
68736354755,1.195810758999245
68792721167,1.1994581332320882
68849087578,1.2025445397689856
68905453990,1.2036210153916675
68961820401,1.206423064968299
69018186813,1.2092918727004993
69074553224,1.2113338811176466
69130919636,1.211684815982196
69187286047,1.2142836580436478
69243652459,1.216837341925572
69300018870,1.2184536613371557
69356385282,1.2184185081453796
69412751694,1.2206010600903248
69469118105,1.222421949043277
69525484517,1.2235013385295037
69581850928,1.2233811231465699
69638217340,1.2257803451306781
69694583751,1.2280787569533302
69750950163,1.2291013541029114
69807316574,1.2290592862480691
69863682986,1.2311616197871682
69920049397,1.2328304399109296
69976415809,1.2333149658457434
70032782221,1.2337306086293112
70089148632,1.2360836493450533
70145515044,1.2377846861238067
70201881455,1.2378782875116794
70258247867,1.2388349835196621
70314614278,1.240647530316855
70370980690,1.2417962533840594
70427347101,1.241314730982089
70483713513,1.2429496300356493
70540079924,1.2448671165902703
70596446336,1.2461647767922268
70652812748,1.2457306446605971
70709179159,1.247667910781944
70765545571,1.2496527212651831
70821911982,1.250943701833025
70878278394,1.2508487099696777
70934644805,1.2532340813255032
70991011217,1.2556814579340216
71047377628,1.2571740823730724
71103744040,1.2572069006193147
71160110451,1.260089038634269
71216476863,1.2626240816104688
71272843275,1.2642188648655244
71329209686,1.2653159536781826
71385576098,1.2697527448249357
71441942509,1.275295735925118
71498308921,1.2799367123546437
71554675332,1.2833523845216404
71611041744,1.2884845164621992
71667408155,1.2948348583090308
71723774567,1.2981639761023043
71780140978,1.3014959468005993
71836507390,1.3044206666554539
71892873802,1.3072274423199304
71949240213,1.3055286019205286
72005606625,1.3043280968069626
72061973036,1.300720011588101
72118339448,1.300598793249263
72174705859,1.2966438274749679
72231072271,1.2924194783907987
72287438682,1.2864531244593136
72343805094,1.284500430879379
72400171505,1.2788822037691785
72456537917,1.2742625832793837
72512904329,1.2696251483708374
72569270740,1.267306692460012
72625637152,1.2616084662231581
72682003563,1.2555480351517359
72738369975,1.2505744525026552
72794736386,1.2472285091449449
72851102798,1.2429535435121366
72907469209,1.2368633549261172
72963835621,1.2336032497298397
73020202033,1.2304046710419734
73076568444,1.2272922014701737
73132934856,1.2219693480461096
73189301267,1.220472069650352
73245667679,1.2172556252793805
73302034090,1.2139447918764845
73358400502,1.208538265328653
73414766913,1.2069762239119202
73471133325,1.2037407236747362
73527499736,1.1999192467719608
73583866148,1.1952402118639636
73640232560,1.193310768580486
73696598971,1.190164441497255
73752965383,1.1862840238848056
73809331794,1.1829002403000828
73865698206,1.1811067715954988
73922064617,1.1800175628972438
73978431029,1.1786122658897333
74034797440,1.1779839836459114
74091163852,1.1782404496579804
74147530263,1.1777143437567485
74203896675,1.1754850895225948
74260263087,1.175479747696118
74316629498,1.1753770981035445
74372995910,1.1745939921842636
74429362321,1.1713381549560429
74485728733,1.1709032339123513
74542095144,1.1677485140585047
74598461556,1.1637638940774078
74654827967,1.1573157234034603
74711194379,1.1544056727834957
74767560790,1.149978541409935
74823927202,1.1453861513704224
74880293614,1.1382211837973137
74936660025,1.1348373856896643
74993026437,1.1303401524732355
75049392848,1.1256862751513514
75105759260,1.1188075843952976
75162125671,1.1154911980426276
75218492083,1.112093437460789
75274858494,1.1080099442193845
75331224906,1.1046597765855164
75387591317,1.10337133847024
75443957729,1.1011041770019905
75500324141,1.0988188068647504
75556690552,1.0987068644742695
75613056964,1.0992119190234004
75669423375,1.0994284813449897
75725789787,1.1002351877364234
75782156198,1.102848045488043
75838522610,1.105532001397831
75894889021,1.1071942552359373
75951255433,1.1080489176676114
76007621844,1.1116338449200338
76063988256,1.1148787245027196
76120354668,1.1158642458435206
76176721079,1.116881544931791
76233087491,1.121415046604331
76289453902,1.1243689706083062
76345820314,1.1247280122652215
76402186725,1.1250659895847204
76458553137,1.129666448916462
76514919548,1.1325794698212819
76571285960,1.1337437969703117
76627652371,1.135512685304661
76684018783,1.140389425498973
76740385195,1.142262164419155
76796751606,1.1425752371478963
76853118018,1.144397174847885
76909484429,1.1488286598631192
76965850841,1.1502710387584465
77022217252,1.1502634007328796
77078583664,1.1513946626167886
77134950075,1.1546929867499225
77191316487,1.1552039370630807
77247682898,1.1533364425159738
77304049310,1.152837291963908
77360415722,1.1532344771493812
77416782133,1.1515897581992958
77473148545,1.1481739643853162
77529514956,1.1480043044479773
77585881368,1.1477989928070158
77642247779,1.1453896716049923
77698614191,1.1417559590182664
77754980602,1.1418078208766052
77811347014,1.141331913158423
77867713425,1.1405766415003031
77924079837,1.1396814961882444
77980446249,1.1422484636590016
78036812660,1.1443133569494306
78093179072,1.1438072611281123
78149545483,1.143468889463444
78205911895,1.1473099358514227
78262278306,1.1495170737553155
78318644718,1.1495200129979297
78375011129,1.1488737258595436
78431377541,1.1521329984126583
78487743952,1.1538635229646959
78544110364,1.154129265960821
78600476776,1.1556301691578632
78656843187,1.1596927030901973
78713209599,1.1610137942605077
78769576010,1.1613455286089547
78825942422,1.1636466248688346
78882308833,1.167487747630817
78938675245,1.1695323897107912
78995041656,1.1711342737319923
79051408068,1.174923978621134
79107774480,1.1781551453136603
79164140891,1.1783790098472584
79220507303,1.1785569964837197
79276873714,1.1821645003983128
79333240126,1.184737811604427
79389606537,1.184848117385977
79445972949,1.1848237508727208
79502339360,1.1883102561254717
79558705772,1.190163673254367
79615072183,1.1897949071228342
79671438595,1.1879336053876348
79727805007,1.1880525390712768
79784171418,1.1862223389430138
79840537830,1.1815670038802035
79896904241,1.1764570839172839
79953270653,1.172754528743209
80009637064,1.1664354761483589
80066003476,1.1575529861383576
80122369887,1.1493701698288783
80178736299,1.1416080344142618
80235102710,1.1330196399166697
80291469122,1.1244750392066143
80347835534,1.1183566587036737
80404201945,1.1113577961024446
80460568357,1.1032241105084426
80516934768,1.0948485339979561
80573301180,1.0888295851388838
80629667591,1.081448690455955
80686034003,1.0734011065692066
80742400414,1.0655216962081466
80798766826,1.0598826778380928
80855133237,1.0522337077487822
80911499649,1.0440379276086986
80967866061,1.0358001462429631
81024232472,1.0304641899332105
81080598884,1.022836362966722
81136965295,1.014793112249516
81193331707,1.0074586978321078
81249698118,1.0028113102333336
81306064530,0.9983932993545745
81362430941,0.9927017215564006
81418797353,0.9881265583826292
81475163764,0.9861167144803055
81531530176,0.984178322504236
81587896588,0.9813647095818958
81644262999,0.9810509639840086
81700629411,0.9843360552976526
81756995822,0.9881204450576823
81813362234,0.991484090642632
81869728645,0.9948444384923665
81926095057,0.999262641554273
81982461468,1.0035779058299732
82038827880,1.007312854367661
82095194291,1.0110382302403529
82151560703,1.015837452021494
82207927115,1.0201606862165835
82264293526,1.0231173350516145
82320659938,1.0249135652592836
82377026349,1.0275965368838218
82433392761,1.02928766258561
82489759172,1.0309838422245785
82546125584,1.0326459257525948
82602491995,1.035348158749776
82658858407,1.037297391510921
82715224818,1.039071839667492
82771591230,1.0408895020628726
82827957642,1.0435254881603326
82884324053,1.0456434875910254
82940690465,1.0480173423837387
82997056876,1.0527554536161874
83053423288,1.0592385830575979
83109789699,1.0646719943958443
83166156111,1.0708108086245585
83222522522,1.0789852990524478
83278888934,1.0882602484819155
83335255345,1.097068952201364
83391621757,1.106735030435259
83447988169,1.1186959711037978
83504354580,1.132015821371073
83560720992,1.1434479391887755
83617087403,1.1532190184136712
83673453815,1.1644071076701046
83729820226,1.1765598415737004
83786186638,1.1869933049740518
83842553049,1.196541559670955
83898919461,1.2080817635643069
83955285872,1.2199415330368464
84011652284,1.2295850691609584
84068018696,1.2384098412525708
84124385107,1.249073243693177
84180751519,1.2598566892757994
84237117930,1.2691054936255193
84293484342,1.2781561870048066
84349850753,1.2890167945032975
84406217165,1.299827101605691
84462583576,1.30907358468286
84518949988,1.3184975103961643
84575316399,1.3299617948363396
84631682811,1.3427223036728857
84688049223,1.3545879373002245
84744415634,1.367936058377443
84800782046,1.3817191321052442
84857148457,1.3927124898277723
84913514869,1.4029512927732088
84969881280,1.4143705665099497
85026247692,1.4246421393872462
85082614103,1.4321898145727845
85138980515,1.4391878169951642
85195346927,1.446395685874498
85251713338,1.4506330768729774
85308079750,1.4522234932525164
85364446161,1.453179886873948
85420812573,1.455818745361524
85477178984,1.456031372735972
85533545396,1.4544636032641478
85589911807,1.4525814049343366
85646278219,1.4552104894797706
85702644630,1.4554889500481678
85759011042,1.453967806778562
85815377454,1.452174787833875
85871743865,1.4550412850546
85928110277,1.4548474739355233
85984476688,1.4536747556244782
86040843100,1.455491423271337
86097209511,1.4582556905430433
86153575923,1.4578831650246158
86209942334,1.4565031380623028
86266308746,1.4544594585447392
86322675157,1.4532241266480455
86379041569,1.4491771521297703
86435407981,1.4452353061297285
86491774392,1.4414896475583479
86548140804,1.4388587546640066
86604507215,1.433270212663998
86660873627,1.4284733410446915
86717240038,1.4262516381738168
86773606450,1.4238528724336523
86829972861,1.41854240387118
86886339273,1.4150912988028415
86942705684,1.414935281052393
86999072096,1.4126814383100452
87055438508,1.409248419874792
87111804919,1.4062450538876976
87168171331,1.406293487262348
87224537742,1.4027197347408238
87280904154,1.3998143153098102
87337270565,1.3975641648025803
87393636977,1.399023338432643
87450003388,1.3964863458192096
87506369800,1.3952651332818695
87562736211,1.3943043146728056
87619102623,1.396508511341947
87675469035,1.3944528669042493
87731835446,1.3939970758124247
87788201858,1.3938190870124532
87844568269,1.3958764391019134
87900934681,1.3930301586602298
87957301092,1.3869071002572488
88013667504,1.381610120984143
88070033915,1.3768182629101973
88126400327,1.3682080946212234
88182766738,1.360474219402984
88239133150,1.3539498798240912
88295499562,1.3467059541841304
88351865973,1.337487971592005
88408232385,1.3292899500727133
88464598796,1.323016536304712
88520965208,1.3177123780823436
88577331619,1.3137661200789208
88633698031,1.3104786501850683
88690064442,1.3106308767328065
88746430854,1.3096799596270041
88802797265,1.3098349075833318
88859163677,1.3099819831925232
88915530089,1.3126361899935637
88971896500,1.3104319071941806
89028262912,1.309342880627316
89084629323,1.3087680584177344
89140995735,1.3115728631927954
89197362146,1.3099190258412168
89253728558,1.3081758774313978
89310094969,1.305879224222053
89366461381,1.3038212960760587
89422827792,1.3001560756555341
89479194204,1.297747805921056
89535560616,1.2953922479275262
89591927027,1.296498222115389
89648293439,1.296445389023636
89704659850,1.296743481291922
89761026262,1.296963421499781
89817392673,1.3000635095471678
89873759085,1.3028100863467393
89930125496,1.3060397363185938
89986491908,1.310206788004228
90042858319,1.313277236207946
90099224731,1.3176566688061842
90155591143,1.3211368111883945
90211957554,1.3237695387954733
90268323966,1.3233698069430038
90324690377,1.3252984389867852
90381056789,1.3252942772654812
90437423200,1.3253535254858495
90493789612,1.3226626234195789
90550156023,1.3223107087867263
90606522435,1.3217284362964534
90662888846,1.3214052322331031
90719255258,1.317779319159221
90775621670,1.3169823355230261
90831988081,1.315393618749921
90888354493,1.314589023747923
90944720904,1.3107177235298368
91001087316,1.308935078020115
91057453727,1.3062754793490996
91113820139,1.3046086677335071
91170186550,1.2999108433844
91226552962,1.2950294686657216
91282919373,1.289907501039121
91339285785,1.285731181262217
91395652197,1.278901676229909
91452018608,1.274929879677333
91508385020,1.2706738538609366
91564751431,1.266900726900044
91621117843,1.2615435890257658
91677484254,1.2586299507699397
91733850666,1.2550349140473507
91790217077,1.2512198886261259
91846583489,1.2465756016383382
91902949901,1.2438232816918926
91959316312,1.240723740464456
92015682724,1.2364144643425383
92072049135,1.2317971269492123
92128415547,1.2281859428119999
92184781958,1.2250212519721295
92241148370,1.2203070685864408
92297514781,1.2171199185819244
92353881193,1.2145110502129435
92410247604,1.2121361983332866
92466614016,1.207871811347579
92522980428,1.2045018655651591
92579346839,1.2023895176222386
92635713251,1.2013558695378506
92692079662,1.1980783559977175
92748446074,1.1983271428234117
92804812485,1.1979665945494302
92861178897,1.1987818628809734
92917545308,1.1974925240361451
92973911720,1.2003282681568068
93030278131,1.2021711102619066
93086644543,1.2040444958356167
93143010955,1.2051729619812659
93199377366,1.2087735808984021
93255743778,1.2116470160270008
93312110189,1.2137164995077896
93368476601,1.2139514400600293
93424843012,1.2174811310052087
93481209424,1.2193753302744172
93537575835,1.2206111695114632
93593942247,1.22239988133108
93650308658,1.227598354664371
93706675070,1.2317687025697839
93763041482,1.2354607434974758
93819407893,1.2408463404110637
93875774305,1.2484931010777174
93932140716,1.2536855740724253
93988507128,1.2573414225134243
94044873539,1.2641930750213952
94101239951,1.2720990464074393
94157606362,1.2779465511891526
94213972774,1.2825573985064525
94270339185,1.290679245044865
94326705597,1.2991973197219242
94383072009,1.3054122466103946
94439438420,1.3103419837257573
94495804832,1.3187966430813256
94552171243,1.329499564123493
94608537655,1.3377371313239397
94664904066,1.3450747610650893
94721270478,1.3566159324073348
94777636889,1.3668622068450305
94834003301,1.3747208982949366
94890369712,1.3820597319740129
94946736124,1.3931994777406134
95003102536,1.4027852708313404
95059468947,1.4102147225377952
95115835359,1.418043536776931
95172201770,1.4289640492770999
95228568182,1.437887521117414
95284934593,1.4445222044337795
95341301005,1.4520625058969203
95397667416,1.461978179612221
95454033828,1.4696607019593415
95510400239,1.4750822841773992
95566766651,1.4821633881872456
95623133063,1.4908759179209632
95679499474,1.497497423175921
95735865886,1.5012751322013127
95792232297,1.504712878709726
95848598709,1.5091136496458353
95904965120,1.511843524435171
95961331532,1.5133055908876634
96017697943,1.5169061868126392
96074064355,1.5207514696726299
96130430766,1.5222673222805867
96186797178,1.522507092663697
96243163590,1.525373942861393
96299530001,1.5268582210455328
96355896413,1.527821864046839
96412262824,1.5309630085626524
96468629236,1.5359398549367023
96524995647,1.53908722179235
96581362059,1.5399043272793214
96637728470,1.540432274140688
96694094882,1.544654580061422
96750461293,1.546448087431694
96806827705,1.5464576751234445
96863194117,1.5471838793668857
96919560528,1.5520487900328568
96975926940,1.5542203566265176
97032293351,1.554660767062456
97088659763,1.555928214696675
97145026174,1.5608585507918231
97201392586,1.563280641762561
97257758997,1.564540316595801
97314125409,1.5661535423427542
97370491820,1.5669019459877134
97426858232,1.5657785264077118
97483224644,1.5621021643383852
97539591055,1.5607871527520958
97595957467,1.5607649708580345
97652323878,1.5583516895458114
97708690290,1.5545842544915114
97765056701,1.5509402365696656
97821423113,1.5462186624667587
97877789524,1.53857825055399
97934155936,1.5330888658504214
97990522348,1.5291959620396844
98046888759,1.5238325711642229
98103255171,1.516140875809741
98159621582,1.5073187729366258
98215987994,1.5022304548594694
98272354405,1.4962193336972742
98328720817,1.48761224719574
98385087228,1.4825365132467039
98441453640,1.4819031198023243
98497820051,1.4794903460872613
98554186463,1.4751964062372676
98610552875,1.4750695825758664
98666919286,1.4752880056095754
98723285698,1.4734751795487309
98779652109,1.4704439036019243
98836018521,1.4679927666772872
98892384932,1.4654135660069325
98948751344,1.4609176471240974
99005117755,1.4543685639830595
99061484167,1.4464668854049496
99117850578,1.4404076308372158
99174216990,1.4339749877039574
99230583402,1.426107191249427
99286949813,1.4214191720163862
99343316225,1.416008953316664
99399682636,1.4078110991739925
99456049048,1.3991659207966147
99512415459,1.3936145905289645
99568781871,1.3870520911127122
99625148282,1.3791308513630112
99681514694,1.3727273016029045
99737881105,1.366651165275198
99794247517,1.358618032189186
99850613929,1.3482736917317166
99906980340,1.3404084081496257
99963346752,1.3342126281903717
100019713163,1.3265960497203853
100076079575,1.3161638246014067
100132445986,1.3091208241819143
100188812398,1.3024396084240613
100245178809,1.2934729518562469
100301545221,1.2821590055663896
100357911632,1.274732785343662
100414278044,1.2673611746378062
100470644456,1.2580839408958753
100527010867,1.2467289247398203
100583377279,1.2391895953160366
100639743690,1.231576596772895
100696110102,1.2260035515526857
100752476513,1.2189107349009378
100808842925,1.2160221338486432
100865209336,1.2132058824144827
100921575748,1.2077103187328972
100977942159,1.2011023846796416
101034308571,1.1979174159472439
101090674983,1.1955024442678754
101147041394,1.1936021813921618
101203407806,1.1919312748043351
101259774217,1.1915658175126616
101316140629,1.1890032587240436
101372507040,1.1864348210159554
101428873452,1.1851494317193778
101485239863,1.1858589050858823
101541606275,1.1854160601381747
101597972686,1.1820729987270595
101654339098,1.181170964191349
101710705510,1.1794024997668981
101767071921,1.1742910163213418
101823438333,1.1667170698181009
101879804744,1.1622723864139433
101936171156,1.1560912923602562
101992537567,1.150286804499709
102048903979,1.1431122340266662
102105270390,1.1385722124755793
102161636802,1.1347074458149842
102218003213,1.1329685412142525
102274369625,1.1291190964940492
102330736037,1.1293370721864857
102387102448,1.1315793651349644
102443468860,1.1361611257109672
102499835271,1.1385184966939912
102556201683,1.144750806613738
102612568094,1.1474018797927776
102668934506,1.1519837159748452
102725300917,1.1549784339634415
102781667329,1.16170679910147
102838033740,1.1644998108599112
102894400152,1.169051090597382
102950766564,1.1712276227554008
103007132975,1.1743229863240405
103063499387,1.173986539459758
103119865798,1.1750309702315815
103176232210,1.174613343418805
103232598621,1.1765848821841036
103288965033,1.175940547424917
103345331444,1.1766772022936134
103401697856,1.1774150619244472
103458064267,1.1796772926248742
103514430679,1.1805593566815251
103570797091,1.182120242096888
103627163502,1.184813371535999
103683529914,1.187136626137654
103739896325,1.189068276881942
103796262737,1.1903577405171668
103852629148,1.1938597579146908
103908995560,1.1941873676999082
103965361971,1.1950521232152067
104021728383,1.1943331783889963
104078094795,1.1970887847671128
104134461206,1.1962922386898096
104190827618,1.1973619164134743
104247194029,1.1965971321187954
104303560441,1.1998496318589946
104359926852,1.1992183585003506
104416293264,1.198361302200277
104472659675,1.1961631029653585
104529026087,1.1984169072095419
104585392498,1.2006889101033045
104641758910,1.2021444492273772
104698125322,1.2024145991063426
104754491733,1.2067436576264836
104810858145,1.210728510612542
104867224556,1.2145527384287562
104923590968,1.2186410485313321
104979957379,1.2271318215064442
105036323791,1.2402318472697207
105092690202,1.2565554762322675
105149056614,1.2710862872389954
105205423025,1.287245005422163
105261789437,1.305179354501231
105318155849,1.3218334922885187
105374522260,1.3380327221247035
105430888672,1.3562023331862967
105487255083,1.375079409763431
105543621495,1.3921674049925843
105599987906,1.4090590098143911
105656354318,1.4225502004525652
105712720729,1.435136534687345
105769087141,1.4462209238448789
105825453552,1.4569211668548763
105881819964,1.4696631785081222
105938186376,1.482986817969071
105994552787,1.494149033643308
106050919199,1.5045653821043492
106107285610,1.517252654144488
106163652022,1.5302011533012199
106220018433,1.5410921174041796
106276384845,1.551815496064275
106332751256,1.5652037086758988
106389117668,1.5784183211661573
106445484079,1.589712451203036
106501850491,1.601288817045036
106558216903,1.6149555693122142
106614583314,1.6277280348877867
106670949726,1.638404102475779
106727316137,1.6495892618200443
106783682549,1.662557888285291
106840048960,1.6743655752894993
106896415372,1.6842693311870227
106952781783,1.694690278509285
107009148195,1.7066274537735164
107065514606,1.7173587951601599
107121881018,1.7267792697961022
107178247430,1.7378952437415147
107234613841,1.7509759357518835
107290980253,1.7632321721629383
107347346664,1.7744232192100808
107403713076,1.7869019274816764
107460079487,1.8007279348440823
107516445899,1.8129177881420324
107572812310,1.8242374866227835
107629178722,1.837184820978823
107685545133,1.8509589035489997
107741911545,1.8644431333949132
107798277957,1.8776044358790283
107854644368,1.8926142581608776
107911010780,1.904125129877706
107967377191,1.9150021899801535
108023743603,1.9263191113358282
108080110014,1.9399725722449537
108136476426,1.9499859477534265
108192842837,1.959254769543785
108249209249,1.9682207101049989
108305575660,1.9790138703825395
108361942072,1.9829110258194471
108418308484,1.9801891948561872
108474674895,1.9774996853586213
108531041307,1.9801268114352872
108587407718,1.9760577105272723
108643774130,1.97121634782826
108700140541,1.9671350832532832
108756506953,1.96710739925567
108812873364,1.9606227443625523
108869239776,1.954521382399864
108925606187,1.950735842619933
108981972599,1.9514121702968787
109038339011,1.9520887342904618
109094705422,1.9528240482130899
109151071834,1.9561292363540372
109207438245,1.9606424597043253
109263804657,1.9616825220624816
109320171068,1.9628224275032151
109376537480,1.9684318017203772
109432903891,1.972441585862527
109489270303,1.9745323878989038
109545636714,1.9767823333250978
109602003126,1.9851060746534968
109658369538,1.9878835578733656
109714735949,1.9896850967607114
109771102361,1.9907307166085566
109827468772,1.9971702998703098
109883835184,1.997615244572678
109940201595,1.9967309266575908
109996568007,1.994191892637521
110052934418,1.9959692675884029
110109300830,1.9910818832700568
110165667242,1.9849121694063134
110222033653,1.9783417497716786
110278400065,1.97635631198913
110334766476,1.968604724635642
110391132888,1.9604229116512366
110447499299,1.952359132509193
110503865711,1.9477453745909454
110560232122,1.9381477370013487
110616598534,1.9290808732673312
110672964945,1.9206889467516068
110729331357,1.9154617767951168
110785697769,1.904901071521872
110842064180,1.894038214567968
110898430592,1.884781015538343
110954797003,1.8775681757595477
111011163415,1.8663278614466443
111067529826,1.8552439887556025
111123896238,1.8472665787423364
111180262649,1.839655944419847
111236629061,1.8289136808689836
111292995472,1.8183511044622445
111349361884,1.8117823260825414
111405728296,1.8039700489735935
111462094707,1.7937712334153124
111518461119,1.7832604938283376
111574827530,1.7752952987374209
111631193942,1.765484063018036
111687560353,1.7563591597974135
111743926765,1.7472816396044804
111800293176,1.7411034802537682
111856659588,1.7323658468650474
111913025999,1.7244456120705989
111969392411,1.7166431579183543
112025758823,1.7118690638993947
112082125234,1.7035224039390746
112138491646,1.6969723930141059
112194858057,1.6919316294705946
112251224469,1.6878888074170098
112307590880,1.6778829589798914
112363957292,1.6699162230652844
112420323703,1.6632621438349515
112476690115,1.656661586186157
112533056526,1.6441797483243212
112589422938,1.6341772860263453
112645789350,1.6259673672318662
112702155761,1.6167201153097388
112758522173,1.6021429579733262
112814888584,1.5898354772141658
112871254996,1.5790075029815942
112927621407,1.5619423265884993
112983987819,1.5333863551424791
113040354230,1.5104728495199988
113096720642,1.4862100481883962
113153087053,1.4741936312554222
113209453465,1.45499090789107
