usage_start_time,usage_end_time,allocated_start,allocated_end,record_id,record_type,table_id,zerobus_request_type,billing_origin_product,sku_name,source_dbu,allocated_dbu,custom_tags,ingestion_date
2026-09-18T17:00:00.000Z,2026-09-18T17:10:00.000Z,2026-09-18T17:04:53.000Z,2026-09-18T17:10:00.000Z,zerobus-billing-record-0001,ORIGINAL,<raw-table-id>,GRPC,LAKEFLOW_CONNECT,PREMIUM_JOBS_SERVERLESS_COMPUTE_EUROPE_IRELAND,1.166103300943970724,0.59665618898299835378,{},2026-09-18
2026-09-18T17:10:00.000Z,2026-09-18T17:20:00.000Z,2026-09-18T17:10:00.000Z,2026-09-18T17:20:00.000Z,zerobus-billing-record-0002,ORIGINAL,<raw-table-id>,GRPC,LAKEFLOW_CONNECT,PREMIUM_JOBS_SERVERLESS_COMPUTE_EUROPE_IRELAND,5.989225276947021469,5.989225276947021469,{},2026-09-18
2026-09-18T17:20:00.000Z,2026-09-18T17:30:00.000Z,2026-09-18T17:20:00.000Z,2026-09-18T17:30:00.000Z,zerobus-billing-record-0003,ORIGINAL,<raw-table-id>,GRPC,LAKEFLOW_CONNECT,PREMIUM_JOBS_SERVERLESS_COMPUTE_EUROPE_IRELAND,5.841982566021382779,5.841982566021382779,{},2026-09-18
2026-09-18T17:30:00.000Z,2026-09-18T17:40:00.000Z,2026-09-18T17:30:00.000Z,2026-09-18T17:40:00.000Z,zerobus-billing-record-0004,ORIGINAL,<raw-table-id>,GRPC,LAKEFLOW_CONNECT,PREMIUM_JOBS_SERVERLESS_COMPUTE_EUROPE_IRELAND,5.842529121443629228,5.842529121443629228,{},2026-09-18
2026-09-18T17:40:00.000Z,2026-09-18T17:50:00.000Z,2026-09-18T17:40:00.000Z,2026-09-18T17:50:00.000Z,zerobus-billing-record-0005,ORIGINAL,<raw-table-id>,GRPC,LAKEFLOW_CONNECT,PREMIUM_JOBS_SERVERLESS_COMPUTE_EUROPE_IRELAND,5.841176323018968063,5.841176323018968063,{},2026-09-18
2026-09-18T17:50:00.000Z,2026-09-18T18:00:00.000Z,2026-09-18T17:50:00.000Z,2026-09-18T18:00:00.000Z,zerobus-billing-record-0006,ORIGINAL,<raw-table-id>,GRPC,LAKEFLOW_CONNECT,PREMIUM_JOBS_SERVERLESS_COMPUTE_EUROPE_IRELAND,5.840629977487027681,5.840629977487027681,{},2026-09-18
2026-09-18T18:00:00.000Z,2026-09-18T18:10:00.000Z,2026-09-18T18:00:00.000Z,2026-09-18T18:10:00.000Z,zerobus-billing-record-0007,ORIGINAL,<raw-table-id>,GRPC,LAKEFLOW_CONNECT,PREMIUM_JOBS_SERVERLESS_COMPUTE_EUROPE_IRELAND,5.843639862008392855,5.843639862008392855,{},2026-09-18
2026-09-18T18:10:00.000Z,2026-09-18T18:20:00.000Z,2026-09-18T18:10:00.000Z,2026-09-18T18:20:00.000Z,zerobus-billing-record-0008,ORIGINAL,<raw-table-id>,GRPC,LAKEFLOW_CONNECT,PREMIUM_JOBS_SERVERLESS_COMPUTE_EUROPE_IRELAND,5.843070563852786994,5.843070563852786994,{},2026-09-18
2026-09-18T18:20:00.000Z,2026-09-18T18:30:00.000Z,2026-09-18T18:20:00.000Z,2026-09-18T18:30:00.000Z,zerobus-billing-record-0009,ORIGINAL,<raw-table-id>,GRPC,LAKEFLOW_CONNECT,PREMIUM_JOBS_SERVERLESS_COMPUTE_EUROPE_IRELAND,5.837204488851130042,5.837204488851130042,{},2026-09-18
2026-09-18T18:30:00.000Z,2026-09-18T18:40:00.000Z,2026-09-18T18:30:00.000Z,2026-09-18T18:40:00.000Z,zerobus-billing-record-0010,ORIGINAL,<raw-table-id>,GRPC,LAKEFLOW_CONNECT,PREMIUM_JOBS_SERVERLESS_COMPUTE_EUROPE_IRELAND,5.839176788635551977,5.839176788635551977,{},2026-09-18
2026-09-18T18:40:00.000Z,2026-09-18T18:50:00.000Z,2026-09-18T18:40:00.000Z,2026-09-18T18:50:00.000Z,zerobus-billing-record-0011,ORIGINAL,<raw-table-id>,GRPC,LAKEFLOW_CONNECT,PREMIUM_JOBS_SERVERLESS_COMPUTE_EUROPE_IRELAND,5.840325649328529818,5.840325649328529818,{},2026-09-18
2026-09-18T18:50:00.000Z,2026-09-18T19:00:00.000Z,2026-09-18T18:50:00.000Z,2026-09-18T19:00:00.000Z,zerobus-billing-record-0012,ORIGINAL,<raw-table-id>,GRPC,LAKEFLOW_CONNECT,PREMIUM_JOBS_SERVERLESS_COMPUTE_EUROPE_IRELAND,5.840875012166798075,5.840875012166798075,{},2026-09-18
2026-09-18T19:00:00.000Z,2026-09-18T19:10:00.000Z,2026-09-18T19:00:00.000Z,2026-09-18T19:10:00.000Z,zerobus-billing-record-0013,ORIGINAL,<raw-table-id>,GRPC,LAKEFLOW_CONNECT,PREMIUM_JOBS_SERVERLESS_COMPUTE_EUROPE_IRELAND,5.839514509595930537,5.839514509595930537,{},2026-09-18
2026-09-18T19:10:00.000Z,2026-09-18T19:20:00.000Z,2026-09-18T19:10:00.000Z,2026-09-18T19:20:00.000Z,zerobus-billing-record-0014,ORIGINAL,<raw-table-id>,GRPC,LAKEFLOW_CONNECT,PREMIUM_JOBS_SERVERLESS_COMPUTE_EUROPE_IRELAND,5.842987612433731515,5.842987612433731515,{},2026-09-18
2026-09-18T19:20:00.000Z,2026-09-18T19:30:00.000Z,2026-09-18T19:20:00.000Z,2026-09-18T19:30:00.000Z,zerobus-billing-record-0015,ORIGINAL,<raw-table-id>,GRPC,LAKEFLOW_CONNECT,PREMIUM_JOBS_SERVERLESS_COMPUTE_EUROPE_IRELAND,5.838077074237167801,5.838077074237167801,{},2026-09-18
2026-09-18T19:30:00.000Z,2026-09-18T19:40:00.000Z,2026-09-18T19:30:00.000Z,2026-09-18T19:40:00.000Z,zerobus-billing-record-0016,ORIGINAL,<raw-table-id>,GRPC,LAKEFLOW_CONNECT,PREMIUM_JOBS_SERVERLESS_COMPUTE_EUROPE_IRELAND,5.844859221339225822,5.844859221339225822,{},2026-09-18
2026-09-18T19:40:00.000Z,2026-09-18T19:50:00.000Z,2026-09-18T19:40:00.000Z,2026-09-18T19:50:00.000Z,zerobus-billing-record-0017,ORIGINAL,<raw-table-id>,GRPC,LAKEFLOW_CONNECT,PREMIUM_JOBS_SERVERLESS_COMPUTE_EUROPE_IRELAND,5.841339052997529484,5.841339052997529484,{},2026-09-18
2026-09-18T19:50:00.000Z,2026-09-18T20:00:00.000Z,2026-09-18T19:50:00.000Z,2026-09-18T20:00:00.000Z,zerobus-billing-record-0018,ORIGINAL,<raw-table-id>,GRPC,LAKEFLOW_CONNECT,PREMIUM_JOBS_SERVERLESS_COMPUTE_EUROPE_IRELAND,5.842616692580282679,5.842616692580282679,{},2026-09-18
2026-09-18T20:00:00.000Z,2026-09-18T20:10:00.000Z,2026-09-18T20:00:00.000Z,2026-09-18T20:10:00.000Z,zerobus-billing-record-0019,ORIGINAL,<raw-table-id>,GRPC,LAKEFLOW_CONNECT,PREMIUM_JOBS_SERVERLESS_COMPUTE_EUROPE_IRELAND,5.842003793708980086,5.842003793708980086,{},2026-09-18
2026-09-18T20:10:00.000Z,2026-09-18T20:20:00.000Z,2026-09-18T20:10:00.000Z,2026-09-18T20:20:00.000Z,zerobus-billing-record-0020,ORIGINAL,<raw-table-id>,GRPC,LAKEFLOW_CONNECT,PREMIUM_JOBS_SERVERLESS_COMPUTE_EUROPE_IRELAND,5.841054044336080560,5.84105404433608056,{},2026-09-18
2026-09-18T20:20:00.000Z,2026-09-18T20:30:00.000Z,2026-09-18T20:20:00.000Z,2026-09-18T20:30:00.000Z,zerobus-billing-record-0021,ORIGINAL,<raw-table-id>,GRPC,LAKEFLOW_CONNECT,PREMIUM_JOBS_SERVERLESS_COMPUTE_EUROPE_IRELAND,5.840887055821716744,5.840887055821716744,{},2026-09-18
2026-09-18T20:30:00.000Z,2026-09-18T20:40:00.000Z,2026-09-18T20:30:00.000Z,2026-09-18T20:40:00.000Z,zerobus-billing-record-0022,ORIGINAL,<raw-table-id>,GRPC,LAKEFLOW_CONNECT,PREMIUM_JOBS_SERVERLESS_COMPUTE_EUROPE_IRELAND,5.839927626989781847,5.839927626989781847,{},2026-09-18
2026-09-18T20:40:00.000Z,2026-09-18T20:50:00.000Z,2026-09-18T20:40:00.000Z,2026-09-18T20:50:00.000Z,zerobus-billing-record-0023,ORIGINAL,<raw-table-id>,GRPC,LAKEFLOW_CONNECT,PREMIUM_JOBS_SERVERLESS_COMPUTE_EUROPE_IRELAND,5.841299426347017272,5.841299426347017272,{},2026-09-18
2026-09-18T20:50:00.000Z,2026-09-18T21:00:00.000Z,2026-09-18T20:50:00.000Z,2026-09-18T21:00:00.000Z,zerobus-billing-record-0024,ORIGINAL,<raw-table-id>,GRPC,LAKEFLOW_CONNECT,PREMIUM_JOBS_SERVERLESS_COMPUTE_EUROPE_IRELAND,5.841766481287777424,5.841766481287777424,{},2026-09-18
2026-09-18T21:00:00.000Z,2026-09-18T21:10:00.000Z,2026-09-18T21:00:00.000Z,2026-09-18T21:10:00.000Z,zerobus-billing-record-0025,ORIGINAL,<raw-table-id>,GRPC,LAKEFLOW_CONNECT,PREMIUM_JOBS_SERVERLESS_COMPUTE_EUROPE_IRELAND,5.841857411734759772,5.841857411734759772,{},2026-09-18
2026-09-18T21:10:00.000Z,2026-09-18T21:20:00.000Z,2026-09-18T21:10:00.000Z,2026-09-18T21:20:00.000Z,zerobus-billing-record-0026,ORIGINAL,<raw-table-id>,GRPC,LAKEFLOW_CONNECT,PREMIUM_JOBS_SERVERLESS_COMPUTE_EUROPE_IRELAND,5.843378838375210804,5.843378838375210804,{},2026-09-18
2026-09-18T21:20:00.000Z,2026-09-18T21:30:00.000Z,2026-09-18T21:20:00.000Z,2026-09-18T21:30:00.000Z,zerobus-billing-record-0027,ORIGINAL,<raw-table-id>,GRPC,LAKEFLOW_CONNECT,PREMIUM_JOBS_SERVERLESS_COMPUTE_EUROPE_IRELAND,5.841906171277165387,5.841906171277165387,{},2026-09-18
2026-09-18T21:30:00.000Z,2026-09-18T21:40:00.000Z,2026-09-18T21:30:00.000Z,2026-09-18T21:40:00.000Z,zerobus-billing-record-0028,ORIGINAL,<raw-table-id>,GRPC,LAKEFLOW_CONNECT,PREMIUM_JOBS_SERVERLESS_COMPUTE_EUROPE_IRELAND,5.844034991696476859,5.844034991696476859,{},2026-09-18
2026-09-18T21:40:00.000Z,2026-09-18T21:50:00.000Z,2026-09-18T21:40:00.000Z,2026-09-18T21:50:00.000Z,zerobus-billing-record-0029,ORIGINAL,<raw-table-id>,GRPC,LAKEFLOW_CONNECT,PREMIUM_JOBS_SERVERLESS_COMPUTE_EUROPE_IRELAND,5.843609160490334014,5.843609160490334014,{},2026-09-18
2026-09-18T21:50:00.000Z,2026-09-18T22:00:00.000Z,2026-09-18T21:50:00.000Z,2026-09-18T22:00:00.000Z,zerobus-billing-record-0030,ORIGINAL,<raw-table-id>,GRPC,LAKEFLOW_CONNECT,PREMIUM_JOBS_SERVERLESS_COMPUTE_EUROPE_IRELAND,5.843760748170316198,5.843760748170316198,{},2026-09-18
2026-09-18T22:00:00.000Z,2026-09-18T22:10:00.000Z,2026-09-18T22:00:00.000Z,2026-09-18T22:10:00.000Z,zerobus-billing-record-0031,ORIGINAL,<raw-table-id>,GRPC,LAKEFLOW_CONNECT,PREMIUM_JOBS_SERVERLESS_COMPUTE_EUROPE_IRELAND,5.845618041917681724,5.845618041917681724,{},2026-09-18
2026-09-18T22:10:00.000Z,2026-09-18T22:20:00.000Z,2026-09-18T22:10:00.000Z,2026-09-18T22:20:00.000Z,zerobus-billing-record-0032,ORIGINAL,<raw-table-id>,GRPC,LAKEFLOW_CONNECT,PREMIUM_JOBS_SERVERLESS_COMPUTE_EUROPE_IRELAND,5.843637313492596174,5.843637313492596174,{},2026-09-18
2026-09-18T22:20:00.000Z,2026-09-18T22:30:00.000Z,2026-09-18T22:20:00.000Z,2026-09-18T22:30:00.000Z,zerobus-billing-record-0033,ORIGINAL,<raw-table-id>,GRPC,LAKEFLOW_CONNECT,PREMIUM_JOBS_SERVERLESS_COMPUTE_EUROPE_IRELAND,5.844770004108548224,5.844770004108548224,{},2026-09-18
2026-09-18T22:30:00.000Z,2026-09-18T22:40:00.000Z,2026-09-18T22:30:00.000Z,2026-09-18T22:40:00.000Z,zerobus-billing-record-0034,ORIGINAL,<raw-table-id>,GRPC,LAKEFLOW_CONNECT,PREMIUM_JOBS_SERVERLESS_COMPUTE_EUROPE_IRELAND,5.844333800911903401,5.844333800911903401,{},2026-09-18
2026-09-18T22:40:00.000Z,2026-09-18T22:50:00.000Z,2026-09-18T22:40:00.000Z,2026-09-18T22:50:00.000Z,zerobus-billing-record-0035,ORIGINAL,<raw-table-id>,GRPC,LAKEFLOW_CONNECT,PREMIUM_JOBS_SERVERLESS_COMPUTE_EUROPE_IRELAND,5.839614208556711625,5.839614208556711625,{},2026-09-19
2026-09-18T22:50:00.000Z,2026-09-18T23:00:00.000Z,2026-09-18T22:50:00.000Z,2026-09-18T23:00:00.000Z,zerobus-billing-record-0036,ORIGINAL,<raw-table-id>,GRPC,LAKEFLOW_CONNECT,PREMIUM_JOBS_SERVERLESS_COMPUTE_EUROPE_IRELAND,5.841878504112362822,5.841878504112362822,{},2026-09-19
2026-09-18T23:00:00.000Z,2026-09-18T23:10:00.000Z,2026-09-18T23:00:00.000Z,2026-09-18T23:10:00.000Z,zerobus-billing-record-0037,ORIGINAL,<raw-table-id>,GRPC,LAKEFLOW_CONNECT,PREMIUM_JOBS_SERVERLESS_COMPUTE_EUROPE_IRELAND,5.845051752544939599,5.845051752544939599,{},2026-09-19
2026-09-18T23:10:00.000Z,2026-09-18T23:20:00.000Z,2026-09-18T23:10:00.000Z,2026-09-18T23:20:00.000Z,zerobus-billing-record-0038,ORIGINAL,<raw-table-id>,GRPC,LAKEFLOW_CONNECT,PREMIUM_JOBS_SERVERLESS_COMPUTE_EUROPE_IRELAND,5.842906128115952056,5.842906128115952056,{},2026-09-19
2026-09-18T23:20:00.000Z,2026-09-18T23:30:00.000Z,2026-09-18T23:20:00.000Z,2026-09-18T23:30:00.000Z,zerobus-billing-record-0039,ORIGINAL,<raw-table-id>,GRPC,LAKEFLOW_CONNECT,PREMIUM_JOBS_SERVERLESS_COMPUTE_EUROPE_IRELAND,5.841205838710069657,5.841205838710069657,{},2026-09-19
2026-09-18T23:30:00.000Z,2026-09-18T23:40:00.000Z,2026-09-18T23:30:00.000Z,2026-09-18T23:40:00.000Z,zerobus-billing-record-0040,ORIGINAL,<raw-table-id>,GRPC,LAKEFLOW_CONNECT,PREMIUM_JOBS_SERVERLESS_COMPUTE_EUROPE_IRELAND,5.843653516598045858,5.843653516598045858,{},2026-09-19
2026-09-18T23:40:00.000Z,2026-09-18T23:50:00.000Z,2026-09-18T23:40:00.000Z,2026-09-18T23:50:00.000Z,zerobus-billing-record-0041,ORIGINAL,<raw-table-id>,GRPC,LAKEFLOW_CONNECT,PREMIUM_JOBS_SERVERLESS_COMPUTE_EUROPE_IRELAND,5.840035023704171203,5.840035023704171203,{},2026-09-19
2026-09-18T23:50:00.000Z,2026-09-19T00:00:00.000Z,2026-09-18T23:50:00.000Z,2026-09-19T00:00:00.000Z,zerobus-billing-record-0042,ORIGINAL,<raw-table-id>,GRPC,LAKEFLOW_CONNECT,PREMIUM_JOBS_SERVERLESS_COMPUTE_EUROPE_IRELAND,5.846008381418883790,5.84600838141888379,{},2026-09-19
2026-09-19T00:00:00.000Z,2026-09-19T00:10:00.000Z,2026-09-19T00:00:00.000Z,2026-09-19T00:10:00.000Z,zerobus-billing-record-0043,ORIGINAL,<raw-table-id>,GRPC,LAKEFLOW_CONNECT,PREMIUM_JOBS_SERVERLESS_COMPUTE_EUROPE_IRELAND,5.842255778208375041,5.842255778208375041,{},2026-09-19
2026-09-19T00:10:00.000Z,2026-09-19T00:20:00.000Z,2026-09-19T00:10:00.000Z,2026-09-19T00:20:00.000Z,zerobus-billing-record-0044,ORIGINAL,<raw-table-id>,GRPC,LAKEFLOW_CONNECT,PREMIUM_JOBS_SERVERLESS_COMPUTE_EUROPE_IRELAND,5.845458263188600492,5.845458263188600492,{},2026-09-19
2026-09-19T00:20:00.000Z,2026-09-19T00:30:00.000Z,2026-09-19T00:20:00.000Z,2026-09-19T00:30:00.000Z,zerobus-billing-record-0045,ORIGINAL,<raw-table-id>,GRPC,LAKEFLOW_CONNECT,PREMIUM_JOBS_SERVERLESS_COMPUTE_EUROPE_IRELAND,5.843544269226491461,5.843544269226491461,{},2026-09-19
2026-09-19T00:30:00.000Z,2026-09-19T00:40:00.000Z,2026-09-19T00:30:00.000Z,2026-09-19T00:40:00.000Z,zerobus-billing-record-0046,ORIGINAL,<raw-table-id>,GRPC,LAKEFLOW_CONNECT,PREMIUM_JOBS_SERVERLESS_COMPUTE_EUROPE_IRELAND,5.841747488878667359,5.841747488878667359,{},2026-09-19
2026-09-19T00:40:00.000Z,2026-09-19T00:50:00.000Z,2026-09-19T00:40:00.000Z,2026-09-19T00:50:00.000Z,zerobus-billing-record-0047,ORIGINAL,<raw-table-id>,GRPC,LAKEFLOW_CONNECT,PREMIUM_JOBS_SERVERLESS_COMPUTE_EUROPE_IRELAND,5.841971793428063390,5.84197179342806339,{},2026-09-19
2026-09-19T00:50:00.000Z,2026-09-19T01:00:00.000Z,2026-09-19T00:50:00.000Z,2026-09-19T01:00:00.000Z,zerobus-billing-record-0048,ORIGINAL,<raw-table-id>,GRPC,LAKEFLOW_CONNECT,PREMIUM_JOBS_SERVERLESS_COMPUTE_EUROPE_IRELAND,5.840666098862886488,5.840666098862886488,{},2026-09-19
2026-09-19T01:00:00.000Z,2026-09-19T01:10:00.000Z,2026-09-19T01:00:00.000Z,2026-09-19T01:10:00.000Z,zerobus-billing-record-0049,ORIGINAL,<raw-table-id>,GRPC,LAKEFLOW_CONNECT,PREMIUM_JOBS_SERVERLESS_COMPUTE_EUROPE_IRELAND,5.842864417478442199,5.842864417478442199,{},2026-09-19
2026-09-19T01:10:00.000Z,2026-09-19T01:20:00.000Z,2026-09-19T01:10:00.000Z,2026-09-19T01:20:00.000Z,zerobus-billing-record-0050,ORIGINAL,<raw-table-id>,GRPC,LAKEFLOW_CONNECT,PREMIUM_JOBS_SERVERLESS_COMPUTE_EUROPE_IRELAND,5.844217323511838819,5.844217323511838819,{},2026-09-19
2026-09-19T01:20:00.000Z,2026-09-19T01:30:00.000Z,2026-09-19T01:20:00.000Z,2026-09-19T01:30:00.000Z,zerobus-billing-record-0051,ORIGINAL,<raw-table-id>,GRPC,LAKEFLOW_CONNECT,PREMIUM_JOBS_SERVERLESS_COMPUTE_EUROPE_IRELAND,5.842546693630516540,5.84254669363051654,{},2026-09-19
2026-09-19T01:30:00.000Z,2026-09-19T01:40:00.000Z,2026-09-19T01:30:00.000Z,2026-09-19T01:40:00.000Z,zerobus-billing-record-0052,ORIGINAL,<raw-table-id>,GRPC,LAKEFLOW_CONNECT,PREMIUM_JOBS_SERVERLESS_COMPUTE_EUROPE_IRELAND,5.844410159431397905,5.844410159431397905,{},2026-09-19
2026-09-19T01:40:00.000Z,2026-09-19T01:50:00.000Z,2026-09-19T01:40:00.000Z,2026-09-19T01:50:00.000Z,zerobus-billing-record-0053,ORIGINAL,<raw-table-id>,GRPC,LAKEFLOW_CONNECT,PREMIUM_JOBS_SERVERLESS_COMPUTE_EUROPE_IRELAND,5.845314778126776231,5.845314778126776231,{},2026-09-19
2026-09-19T01:50:00.000Z,2026-09-19T02:00:00.000Z,2026-09-19T01:50:00.000Z,2026-09-19T02:00:00.000Z,zerobus-billing-record-0054,ORIGINAL,<raw-table-id>,GRPC,LAKEFLOW_CONNECT,PREMIUM_JOBS_SERVERLESS_COMPUTE_EUROPE_IRELAND,5.843284007377922492,5.843284007377922492,{},2026-09-19
2026-09-19T02:00:00.000Z,2026-09-19T02:10:00.000Z,2026-09-19T02:00:00.000Z,2026-09-19T02:10:00.000Z,zerobus-billing-record-0055,ORIGINAL,<raw-table-id>,GRPC,LAKEFLOW_CONNECT,PREMIUM_JOBS_SERVERLESS_COMPUTE_EUROPE_IRELAND,5.841399282991886098,5.841399282991886098,{},2026-09-19
2026-09-19T02:10:00.000Z,2026-09-19T02:20:00.000Z,2026-09-19T02:10:00.000Z,2026-09-19T02:20:00.000Z,zerobus-billing-record-0056,ORIGINAL,<raw-table-id>,GRPC,LAKEFLOW_CONNECT,PREMIUM_JOBS_SERVERLESS_COMPUTE_EUROPE_IRELAND,5.842265227533876859,5.842265227533876859,{},2026-09-19
2026-09-19T02:20:00.000Z,2026-09-19T02:30:00.000Z,2026-09-19T02:20:00.000Z,2026-09-19T02:30:00.000Z,zerobus-billing-record-0057,ORIGINAL,<raw-table-id>,GRPC,LAKEFLOW_CONNECT,PREMIUM_JOBS_SERVERLESS_COMPUTE_EUROPE_IRELAND,5.843052293807268087,5.843052293807268087,{},2026-09-19
2026-09-19T02:30:00.000Z,2026-09-19T02:40:00.000Z,2026-09-19T02:30:00.000Z,2026-09-19T02:40:00.000Z,zerobus-billing-record-0058,ORIGINAL,<raw-table-id>,GRPC,LAKEFLOW_CONNECT,PREMIUM_JOBS_SERVERLESS_COMPUTE_EUROPE_IRELAND,5.843465890645980843,5.843465890645980843,{},2026-09-19
2026-09-19T02:40:00.000Z,2026-09-19T02:50:00.000Z,2026-09-19T02:40:00.000Z,2026-09-19T02:50:00.000Z,zerobus-billing-record-0059,ORIGINAL,<raw-table-id>,GRPC,LAKEFLOW_CONNECT,PREMIUM_JOBS_SERVERLESS_COMPUTE_EUROPE_IRELAND,5.841137478396296512,5.841137478396296512,{},2026-09-19
2026-09-19T02:50:00.000Z,2026-09-19T03:00:00.000Z,2026-09-19T02:50:00.000Z,2026-09-19T03:00:00.000Z,zerobus-billing-record-0060,ORIGINAL,<raw-table-id>,GRPC,LAKEFLOW_CONNECT,PREMIUM_JOBS_SERVERLESS_COMPUTE_EUROPE_IRELAND,5.840310396589338809,5.840310396589338809,{},2026-09-19
2026-09-19T03:00:00.000Z,2026-09-19T03:10:00.000Z,2026-09-19T03:00:00.000Z,2026-09-19T03:10:00.000Z,zerobus-billing-record-0061,ORIGINAL,<raw-table-id>,GRPC,LAKEFLOW_CONNECT,PREMIUM_JOBS_SERVERLESS_COMPUTE_EUROPE_IRELAND,5.843295946620404639,5.843295946620404639,{},2026-09-19
2026-09-19T03:10:00.000Z,2026-09-19T03:20:00.000Z,2026-09-19T03:10:00.000Z,2026-09-19T03:20:00.000Z,zerobus-billing-record-0062,ORIGINAL,<raw-table-id>,GRPC,LAKEFLOW_CONNECT,PREMIUM_JOBS_SERVERLESS_COMPUTE_EUROPE_IRELAND,5.840773366659879643,5.840773366659879643,{},2026-09-19
2026-09-19T03:20:00.000Z,2026-09-19T03:30:00.000Z,2026-09-19T03:20:00.000Z,2026-09-19T03:30:00.000Z,zerobus-billing-record-0063,ORIGINAL,<raw-table-id>,GRPC,LAKEFLOW_CONNECT,PREMIUM_JOBS_SERVERLESS_COMPUTE_EUROPE_IRELAND,5.838882118627429032,5.838882118627429032,{},2026-09-19
2026-09-19T03:30:00.000Z,2026-09-19T03:40:00.000Z,2026-09-19T03:30:00.000Z,2026-09-19T03:40:00.000Z,zerobus-billing-record-0064,ORIGINAL,<raw-table-id>,GRPC,LAKEFLOW_CONNECT,PREMIUM_JOBS_SERVERLESS_COMPUTE_EUROPE_IRELAND,5.840800144188106106,5.840800144188106106,{},2026-09-19
2026-09-19T03:40:00.000Z,2026-09-19T03:50:00.000Z,2026-09-19T03:40:00.000Z,2026-09-19T03:50:00.000Z,zerobus-billing-record-0065,ORIGINAL,<raw-table-id>,GRPC,LAKEFLOW_CONNECT,PREMIUM_JOBS_SERVERLESS_COMPUTE_EUROPE_IRELAND,5.843303432352840938,5.843303432352840938,{},2026-09-19
2026-09-19T03:50:00.000Z,2026-09-19T04:00:00.000Z,2026-09-19T03:50:00.000Z,2026-09-19T04:00:00.000Z,zerobus-billing-record-0066,ORIGINAL,<raw-table-id>,GRPC,LAKEFLOW_CONNECT,PREMIUM_JOBS_SERVERLESS_COMPUTE_EUROPE_IRELAND,5.838473724298179187,5.838473724298179187,{},2026-09-19
2026-09-19T04:00:00.000Z,2026-09-19T04:10:00.000Z,2026-09-19T04:00:00.000Z,2026-09-19T04:10:00.000Z,zerobus-billing-record-0067,ORIGINAL,<raw-table-id>,GRPC,LAKEFLOW_CONNECT,PREMIUM_JOBS_SERVERLESS_COMPUTE_EUROPE_IRELAND,5.842515636257827287,5.842515636257827287,{},2026-09-19
2026-09-19T04:10:00.000Z,2026-09-19T04:20:00.000Z,2026-09-19T04:10:00.000Z,2026-09-19T04:20:00.000Z,zerobus-billing-record-0068,ORIGINAL,<raw-table-id>,GRPC,LAKEFLOW_CONNECT,PREMIUM_JOBS_SERVERLESS_COMPUTE_EUROPE_IRELAND,5.840028821818530551,5.840028821818530551,{},2026-09-19
2026-09-19T04:20:00.000Z,2026-09-19T04:30:00.000Z,2026-09-19T04:20:00.000Z,2026-09-19T04:30:00.000Z,zerobus-billing-record-0069,ORIGINAL,<raw-table-id>,GRPC,LAKEFLOW_CONNECT,PREMIUM_JOBS_SERVERLESS_COMPUTE_EUROPE_IRELAND,5.839149860881268954,5.839149860881268954,{},2026-09-19
2026-09-19T04:30:00.000Z,2026-09-19T04:40:00.000Z,2026-09-19T04:30:00.000Z,2026-09-19T04:40:00.000Z,zerobus-billing-record-0070,ORIGINAL,<raw-table-id>,GRPC,LAKEFLOW_CONNECT,PREMIUM_JOBS_SERVERLESS_COMPUTE_EUROPE_IRELAND,5.839575588740408445,5.839575588740408445,{},2026-09-19
2026-09-19T04:40:00.000Z,2026-09-19T04:50:00.000Z,2026-09-19T04:40:00.000Z,2026-09-19T04:50:00.000Z,zerobus-billing-record-0071,ORIGINAL,<raw-table-id>,GRPC,LAKEFLOW_CONNECT,PREMIUM_JOBS_SERVERLESS_COMPUTE_EUROPE_IRELAND,5.839166924856603096,5.839166924856603096,{},2026-09-19
2026-09-19T04:50:00.000Z,2026-09-19T05:00:00.000Z,2026-09-19T04:50:00.000Z,2026-09-19T05:00:00.000Z,zerobus-billing-record-0072,ORIGINAL,<raw-table-id>,GRPC,LAKEFLOW_CONNECT,PREMIUM_JOBS_SERVERLESS_COMPUTE_EUROPE_IRELAND,5.840699195474386218,5.840699195474386218,{},2026-09-19
2026-09-19T05:00:00.000Z,2026-09-19T05:10:00.000Z,2026-09-19T05:00:00.000Z,2026-09-19T05:10:00.000Z,zerobus-billing-record-0073,ORIGINAL,<raw-table-id>,GRPC,LAKEFLOW_CONNECT,PREMIUM_JOBS_SERVERLESS_COMPUTE_EUROPE_IRELAND,5.841254308454692378,5.841254308454692378,{},2026-09-19
2026-09-19T05:10:00.000Z,2026-09-19T05:20:00.000Z,2026-09-19T05:10:00.000Z,2026-09-19T05:20:00.000Z,zerobus-billing-record-0074,ORIGINAL,<raw-table-id>,GRPC,LAKEFLOW_CONNECT,PREMIUM_JOBS_SERVERLESS_COMPUTE_EUROPE_IRELAND,5.840760144636034931,5.840760144636034931,{},2026-09-19
2026-09-19T05:20:00.000Z,2026-09-19T05:30:00.000Z,2026-09-19T05:20:00.000Z,2026-09-19T05:30:00.000Z,zerobus-billing-record-0075,ORIGINAL,<raw-table-id>,GRPC,LAKEFLOW_CONNECT,PREMIUM_JOBS_SERVERLESS_COMPUTE_EUROPE_IRELAND,5.839468353971838926,5.839468353971838926,{},2026-09-19
2026-09-19T05:30:00.000Z,2026-09-19T05:40:00.000Z,2026-09-19T05:30:00.000Z,2026-09-19T05:40:00.000Z,zerobus-billing-record-0076,ORIGINAL,<raw-table-id>,GRPC,LAKEFLOW_CONNECT,PREMIUM_JOBS_SERVERLESS_COMPUTE_EUROPE_IRELAND,5.842733515180647341,5.842733515180647341,{},2026-09-19
2026-09-19T05:40:00.000Z,2026-09-19T05:50:00.000Z,2026-09-19T05:40:00.000Z,2026-09-19T05:50:00.000Z,zerobus-billing-record-0077,ORIGINAL,<raw-table-id>,GRPC,LAKEFLOW_CONNECT,PREMIUM_JOBS_SERVERLESS_COMPUTE_EUROPE_IRELAND,5.839315935254097019,5.839315935254097019,{},2026-09-19
2026-09-19T05:50:00.000Z,2026-09-19T06:00:00.000Z,2026-09-19T05:50:00.000Z,2026-09-19T06:00:00.000Z,zerobus-billing-record-0078,ORIGINAL,<raw-table-id>,GRPC,LAKEFLOW_CONNECT,PREMIUM_JOBS_SERVERLESS_COMPUTE_EUROPE_IRELAND,5.838731271423399417,5.838731271423399417,{},2026-09-19
2026-09-19T06:00:00.000Z,2026-09-19T06:10:00.000Z,2026-09-19T06:00:00.000Z,2026-09-19T06:10:00.000Z,zerobus-billing-record-0079,ORIGINAL,<raw-table-id>,GRPC,LAKEFLOW_CONNECT,PREMIUM_JOBS_SERVERLESS_COMPUTE_EUROPE_IRELAND,5.840083759807050192,5.840083759807050192,{},2026-09-19
2026-09-19T06:10:00.000Z,2026-09-19T06:20:00.000Z,2026-09-19T06:10:00.000Z,2026-09-19T06:20:00.000Z,zerobus-billing-record-0080,ORIGINAL,<raw-table-id>,GRPC,LAKEFLOW_CONNECT,PREMIUM_JOBS_SERVERLESS_COMPUTE_EUROPE_IRELAND,5.837873860999941821,5.837873860999941821,{},2026-09-19
2026-09-19T06:20:00.000Z,2026-09-19T06:30:00.000Z,2026-09-19T06:20:00.000Z,2026-09-19T06:30:00.000Z,zerobus-billing-record-0081,ORIGINAL,<raw-table-id>,GRPC,LAKEFLOW_CONNECT,PREMIUM_JOBS_SERVERLESS_COMPUTE_EUROPE_IRELAND,5.842022795706987403,5.842022795706987403,{},2026-09-19
2026-09-19T06:30:00.000Z,2026-09-19T06:40:00.000Z,2026-09-19T06:30:00.000Z,2026-09-19T06:40:00.000Z,zerobus-billing-record-0082,ORIGINAL,<raw-table-id>,GRPC,LAKEFLOW_CONNECT,PREMIUM_JOBS_SERVERLESS_COMPUTE_EUROPE_IRELAND,5.836849627204239368,5.836849627204239368,{},2026-09-19
2026-09-19T06:40:00.000Z,2026-09-19T06:50:00.000Z,2026-09-19T06:40:00.000Z,2026-09-19T06:50:00.000Z,zerobus-billing-record-0083,ORIGINAL,<raw-table-id>,GRPC,LAKEFLOW_CONNECT,PREMIUM_JOBS_SERVERLESS_COMPUTE_EUROPE_IRELAND,5.841312604688107979,5.841312604688107979,{},2026-09-19
2026-09-19T06:50:00.000Z,2026-09-19T07:00:00.000Z,2026-09-19T06:50:00.000Z,2026-09-19T07:00:00.000Z,zerobus-billing-record-0084,ORIGINAL,<raw-table-id>,GRPC,LAKEFLOW_CONNECT,PREMIUM_JOBS_SERVERLESS_COMPUTE_EUROPE_IRELAND,5.840687528982758512,5.840687528982758512,{},2026-09-19
2026-09-19T07:00:00.000Z,2026-09-19T07:10:00.000Z,2026-09-19T07:00:00.000Z,2026-09-19T07:10:00.000Z,zerobus-billing-record-0085,ORIGINAL,<raw-table-id>,GRPC,LAKEFLOW_CONNECT,PREMIUM_JOBS_SERVERLESS_COMPUTE_EUROPE_IRELAND,5.841394402243196920,5.84139440224319692,{},2026-09-19
2026-09-19T07:10:00.000Z,2026-09-19T07:20:00.000Z,2026-09-19T07:10:00.000Z,2026-09-19T07:20:00.000Z,zerobus-billing-record-0086,ORIGINAL,<raw-table-id>,GRPC,LAKEFLOW_CONNECT,PREMIUM_JOBS_SERVERLESS_COMPUTE_EUROPE_IRELAND,5.842710192851722183,5.842710192851722183,{},2026-09-19
2026-09-19T07:20:00.000Z,2026-09-19T07:30:00.000Z,2026-09-19T07:20:00.000Z,2026-09-19T07:30:00.000Z,zerobus-billing-record-0087,ORIGINAL,<raw-table-id>,GRPC,LAKEFLOW_CONNECT,PREMIUM_JOBS_SERVERLESS_COMPUTE_EUROPE_IRELAND,5.841704698957502854,5.841704698957502854,{},2026-09-19
2026-09-19T07:30:00.000Z,2026-09-19T07:40:00.000Z,2026-09-19T07:30:00.000Z,2026-09-19T07:40:00.000Z,zerobus-billing-record-0088,ORIGINAL,<raw-table-id>,GRPC,LAKEFLOW_CONNECT,PREMIUM_JOBS_SERVERLESS_COMPUTE_EUROPE_IRELAND,5.842697124250233194,5.842697124250233194,{},2026-09-19
2026-09-19T07:40:00.000Z,2026-09-19T07:50:00.000Z,2026-09-19T07:40:00.000Z,2026-09-19T07:50:00.000Z,zerobus-billing-record-0089,ORIGINAL,<raw-table-id>,GRPC,LAKEFLOW_CONNECT,PREMIUM_JOBS_SERVERLESS_COMPUTE_EUROPE_IRELAND,5.845781915105879324,5.845781915105879324,{},2026-09-19
2026-09-19T07:50:00.000Z,2026-09-19T08:00:00.000Z,2026-09-19T07:50:00.000Z,2026-09-19T08:00:00.000Z,zerobus-billing-record-0090,ORIGINAL,<raw-table-id>,GRPC,LAKEFLOW_CONNECT,PREMIUM_JOBS_SERVERLESS_COMPUTE_EUROPE_IRELAND,5.841235739022493322,5.841235739022493322,{},2026-09-19
2026-09-19T08:00:00.000Z,2026-09-19T08:10:00.000Z,2026-09-19T08:00:00.000Z,2026-09-19T08:10:00.000Z,zerobus-billing-record-0091,ORIGINAL,<raw-table-id>,GRPC,LAKEFLOW_CONNECT,PREMIUM_JOBS_SERVERLESS_COMPUTE_EUROPE_IRELAND,5.847507046148180978,5.847507046148180978,{},2026-09-19
2026-09-19T08:10:00.000Z,2026-09-19T08:20:00.000Z,2026-09-19T08:10:00.000Z,2026-09-19T08:20:00.000Z,zerobus-billing-record-0092,ORIGINAL,<raw-table-id>,GRPC,LAKEFLOW_CONNECT,PREMIUM_JOBS_SERVERLESS_COMPUTE_EUROPE_IRELAND,5.839679344870150061,5.839679344870150061,{},2026-09-19
2026-09-19T08:20:00.000Z,2026-09-19T08:30:00.000Z,2026-09-19T08:20:00.000Z,2026-09-19T08:30:00.000Z,zerobus-billing-record-0093,ORIGINAL,<raw-table-id>,GRPC,LAKEFLOW_CONNECT,PREMIUM_JOBS_SERVERLESS_COMPUTE_EUROPE_IRELAND,5.840912574008107242,5.840912574008107242,{},2026-09-19
2026-09-19T08:30:00.000Z,2026-09-19T08:40:00.000Z,2026-09-19T08:30:00.000Z,2026-09-19T08:40:00.000Z,zerobus-billing-record-0094,ORIGINAL,<raw-table-id>,GRPC,LAKEFLOW_CONNECT,PREMIUM_JOBS_SERVERLESS_COMPUTE_EUROPE_IRELAND,5.842294764533638881,5.842294764533638881,{},2026-09-19
2026-09-19T08:40:00.000Z,2026-09-19T08:50:00.000Z,2026-09-19T08:40:00.000Z,2026-09-19T08:50:00.000Z,zerobus-billing-record-0095,ORIGINAL,<raw-table-id>,GRPC,LAKEFLOW_CONNECT,PREMIUM_JOBS_SERVERLESS_COMPUTE_EUROPE_IRELAND,5.838735738784074770,5.83873573878407477,{},2026-09-19
2026-09-19T08:50:00.000Z,2026-09-19T09:00:00.000Z,2026-09-19T08:50:00.000Z,2026-09-19T09:00:00.000Z,zerobus-billing-record-0096,ORIGINAL,<raw-table-id>,GRPC,LAKEFLOW_CONNECT,PREMIUM_JOBS_SERVERLESS_COMPUTE_EUROPE_IRELAND,5.841104556515812872,5.841104556515812872,{},2026-09-19
2026-09-19T09:00:00.000Z,2026-09-19T09:10:00.000Z,2026-09-19T09:00:00.000Z,2026-09-19T09:10:00.000Z,zerobus-billing-record-0097,ORIGINAL,<raw-table-id>,GRPC,LAKEFLOW_CONNECT,PREMIUM_JOBS_SERVERLESS_COMPUTE_EUROPE_IRELAND,5.844767798662185661,5.844767798662185661,{},2026-09-19
2026-09-19T09:10:00.000Z,2026-09-19T09:20:00.000Z,2026-09-19T09:10:00.000Z,2026-09-19T09:20:00.000Z,zerobus-billing-record-0098,ORIGINAL,<raw-table-id>,GRPC,LAKEFLOW_CONNECT,PREMIUM_JOBS_SERVERLESS_COMPUTE_EUROPE_IRELAND,5.839659572564065469,5.839659572564065469,{},2026-09-19
2026-09-19T09:20:00.000Z,2026-09-19T09:30:00.000Z,2026-09-19T09:20:00.000Z,2026-09-19T09:30:00.000Z,zerobus-billing-record-0099,ORIGINAL,<raw-table-id>,GRPC,LAKEFLOW_CONNECT,PREMIUM_JOBS_SERVERLESS_COMPUTE_EUROPE_IRELAND,5.841426510132849213,5.841426510132849213,{},2026-09-19
2026-09-19T09:30:00.000Z,2026-09-19T09:40:00.000Z,2026-09-19T09:30:00.000Z,2026-09-19T09:40:00.000Z,zerobus-billing-record-0100,ORIGINAL,<raw-table-id>,GRPC,LAKEFLOW_CONNECT,PREMIUM_JOBS_SERVERLESS_COMPUTE_EUROPE_IRELAND,5.838609390147030344,5.838609390147030344,{},2026-09-19
2026-09-19T09:40:00.000Z,2026-09-19T09:50:00.000Z,2026-09-19T09:40:00.000Z,2026-09-19T09:50:00.000Z,zerobus-billing-record-0101,ORIGINAL,<raw-table-id>,GRPC,LAKEFLOW_CONNECT,PREMIUM_JOBS_SERVERLESS_COMPUTE_EUROPE_IRELAND,5.840790549963712680,5.84079054996371268,{},2026-09-19
2026-09-19T09:50:00.000Z,2026-09-19T10:00:00.000Z,2026-09-19T09:50:00.000Z,2026-09-19T10:00:00.000Z,zerobus-billing-record-0102,ORIGINAL,<raw-table-id>,GRPC,LAKEFLOW_CONNECT,PREMIUM_JOBS_SERVERLESS_COMPUTE_EUROPE_IRELAND,5.839830835595726973,5.839830835595726973,{},2026-09-19
2026-09-19T10:00:00.000Z,2026-09-19T10:10:00.000Z,2026-09-19T10:00:00.000Z,2026-09-19T10:10:00.000Z,zerobus-billing-record-0103,ORIGINAL,<raw-table-id>,GRPC,LAKEFLOW_CONNECT,PREMIUM_JOBS_SERVERLESS_COMPUTE_EUROPE_IRELAND,5.842184644572436725,5.842184644572436725,{},2026-09-19
2026-09-19T10:10:00.000Z,2026-09-19T10:20:00.000Z,2026-09-19T10:10:00.000Z,2026-09-19T10:20:00.000Z,zerobus-billing-record-0104,ORIGINAL,<raw-table-id>,GRPC,LAKEFLOW_CONNECT,PREMIUM_JOBS_SERVERLESS_COMPUTE_EUROPE_IRELAND,5.841241908945143190,5.84124190894514319,{},2026-09-19
2026-09-19T10:20:00.000Z,2026-09-19T10:30:00.000Z,2026-09-19T10:20:00.000Z,2026-09-19T10:30:00.000Z,zerobus-billing-record-0105,ORIGINAL,<raw-table-id>,GRPC,LAKEFLOW_CONNECT,PREMIUM_JOBS_SERVERLESS_COMPUTE_EUROPE_IRELAND,5.840570820383727488,5.840570820383727488,{},2026-09-19
2026-09-19T10:30:00.000Z,2026-09-19T10:40:00.000Z,2026-09-19T10:30:00.000Z,2026-09-19T10:40:00.000Z,zerobus-billing-record-0106,ORIGINAL,<raw-table-id>,GRPC,LAKEFLOW_CONNECT,PREMIUM_JOBS_SERVERLESS_COMPUTE_EUROPE_IRELAND,5.840454155467450604,5.840454155467450604,{},2026-09-19
2026-09-19T10:40:00.000Z,2026-09-19T10:50:00.000Z,2026-09-19T10:40:00.000Z,2026-09-19T10:50:00.000Z,zerobus-billing-record-0107,ORIGINAL,<raw-table-id>,GRPC,LAKEFLOW_CONNECT,PREMIUM_JOBS_SERVERLESS_COMPUTE_EUROPE_IRELAND,5.766246260479092546,5.766246260479092546,{},2026-09-19
2026-09-19T10:50:00.000Z,2026-09-19T11:00:00.000Z,2026-09-19T10:50:00.000Z,2026-09-19T11:00:00.000Z,zerobus-billing-record-0108,ORIGINAL,<raw-table-id>,GRPC,LAKEFLOW_CONNECT,PREMIUM_JOBS_SERVERLESS_COMPUTE_EUROPE_IRELAND,5.838552823111414951,5.838552823111414951,{},2026-09-19
2026-09-19T11:00:00.000Z,2026-09-19T11:10:00.000Z,2026-09-19T11:00:00.000Z,2026-09-19T11:10:00.000Z,zerobus-billing-record-0109,ORIGINAL,<raw-table-id>,GRPC,LAKEFLOW_CONNECT,PREMIUM_JOBS_SERVERLESS_COMPUTE_EUROPE_IRELAND,5.842334150396287405,5.842334150396287405,{},2026-09-19
2026-09-19T11:10:00.000Z,2026-09-19T11:20:00.000Z,2026-09-19T11:10:00.000Z,2026-09-19T11:20:00.000Z,zerobus-billing-record-0110,ORIGINAL,<raw-table-id>,GRPC,LAKEFLOW_CONNECT,PREMIUM_JOBS_SERVERLESS_COMPUTE_EUROPE_IRELAND,5.770144039593636969,5.770144039593636969,{},2026-09-19
2026-09-19T11:20:00.000Z,2026-09-19T11:30:00.000Z,2026-09-19T11:20:00.000Z,2026-09-19T11:30:00.000Z,zerobus-billing-record-0111,ORIGINAL,<raw-table-id>,GRPC,LAKEFLOW_CONNECT,PREMIUM_JOBS_SERVERLESS_COMPUTE_EUROPE_IRELAND,5.838349610939621908,5.838349610939621908,{},2026-09-19
2026-09-19T11:30:00.000Z,2026-09-19T11:40:00.000Z,2026-09-19T11:30:00.000Z,2026-09-19T11:40:00.000Z,zerobus-billing-record-0112,ORIGINAL,<raw-table-id>,GRPC,LAKEFLOW_CONNECT,PREMIUM_JOBS_SERVERLESS_COMPUTE_EUROPE_IRELAND,5.843054922230541712,5.843054922230541712,{},2026-09-19
2026-09-19T11:40:00.000Z,2026-09-19T11:50:00.000Z,2026-09-19T11:40:00.000Z,2026-09-19T11:50:00.000Z,zerobus-billing-record-0113,ORIGINAL,<raw-table-id>,GRPC,LAKEFLOW_CONNECT,PREMIUM_JOBS_SERVERLESS_COMPUTE_EUROPE_IRELAND,5.837879980847239470,5.83787998084723947,{},2026-09-19
2026-09-19T11:50:00.000Z,2026-09-19T12:00:00.000Z,2026-09-19T11:50:00.000Z,2026-09-19T12:00:00.000Z,zerobus-billing-record-0114,ORIGINAL,<raw-table-id>,GRPC,LAKEFLOW_CONNECT,PREMIUM_JOBS_SERVERLESS_COMPUTE_EUROPE_IRELAND,5.841408883608877646,5.841408883608877646,{},2026-09-19
2026-09-19T12:00:00.000Z,2026-09-19T12:10:00.000Z,2026-09-19T12:00:00.000Z,2026-09-19T12:10:00.000Z,zerobus-billing-record-0115,ORIGINAL,<raw-table-id>,GRPC,LAKEFLOW_CONNECT,PREMIUM_JOBS_SERVERLESS_COMPUTE_EUROPE_IRELAND,5.839512893334031072,5.839512893334031072,{},2026-09-19
2026-09-19T12:10:00.000Z,2026-09-19T12:20:00.000Z,2026-09-19T12:10:00.000Z,2026-09-19T12:20:00.000Z,zerobus-billing-record-0116,ORIGINAL,<raw-table-id>,GRPC,LAKEFLOW_CONNECT,PREMIUM_JOBS_SERVERLESS_COMPUTE_EUROPE_IRELAND,5.840542533136904237,5.840542533136904237,{},2026-09-19
2026-09-19T12:20:00.000Z,2026-09-19T12:30:00.000Z,2026-09-19T12:20:00.000Z,2026-09-19T12:30:00.000Z,zerobus-billing-record-0117,ORIGINAL,<raw-table-id>,GRPC,LAKEFLOW_CONNECT,PREMIUM_JOBS_SERVERLESS_COMPUTE_EUROPE_IRELAND,5.843683184646069989,5.843683184646069989,{},2026-09-19
2026-09-19T12:30:00.000Z,2026-09-19T12:40:00.000Z,2026-09-19T12:30:00.000Z,2026-09-19T12:40:00.000Z,zerobus-billing-record-0118,ORIGINAL,<raw-table-id>,GRPC,LAKEFLOW_CONNECT,PREMIUM_JOBS_SERVERLESS_COMPUTE_EUROPE_IRELAND,5.841295549236238000,5.841295549236238,{},2026-09-19
2026-09-19T12:40:00.000Z,2026-09-19T12:50:00.000Z,2026-09-19T12:40:00.000Z,2026-09-19T12:50:00.000Z,zerobus-billing-record-0119,ORIGINAL,<raw-table-id>,GRPC,LAKEFLOW_CONNECT,PREMIUM_JOBS_SERVERLESS_COMPUTE_EUROPE_IRELAND,5.763530810505151751,5.763530810505151751,{},2026-09-19
2026-09-19T12:50:00.000Z,2026-09-19T13:00:00.000Z,2026-09-19T12:50:00.000Z,2026-09-19T13:00:00.000Z,zerobus-billing-record-0120,ORIGINAL,<raw-table-id>,GRPC,LAKEFLOW_CONNECT,PREMIUM_JOBS_SERVERLESS_COMPUTE_EUROPE_IRELAND,5.844430924721062190,5.84443092472106219,{},2026-09-19
2026-09-19T13:00:00.000Z,2026-09-19T13:10:00.000Z,2026-09-19T13:00:00.000Z,2026-09-19T13:10:00.000Z,zerobus-billing-record-0121,ORIGINAL,<raw-table-id>,GRPC,LAKEFLOW_CONNECT,PREMIUM_JOBS_SERVERLESS_COMPUTE_EUROPE_IRELAND,5.833225314915180121,5.833225314915180121,{},2026-09-19
2026-09-19T13:10:00.000Z,2026-09-19T13:20:00.000Z,2026-09-19T13:10:00.000Z,2026-09-19T13:20:00.000Z,zerobus-billing-record-0122,ORIGINAL,<raw-table-id>,GRPC,LAKEFLOW_CONNECT,PREMIUM_JOBS_SERVERLESS_COMPUTE_EUROPE_IRELAND,5.775719771310687080,5.77571977131068708,{},2026-09-19
2026-09-19T13:20:00.000Z,2026-09-19T13:30:00.000Z,2026-09-19T13:20:00.000Z,2026-09-19T13:30:00.000Z,zerobus-billing-record-0123,ORIGINAL,<raw-table-id>,GRPC,LAKEFLOW_CONNECT,PREMIUM_JOBS_SERVERLESS_COMPUTE_EUROPE_IRELAND,5.839587901949882504,5.839587901949882504,{},2026-09-19
2026-09-19T13:30:00.000Z,2026-09-19T13:40:00.000Z,2026-09-19T13:30:00.000Z,2026-09-19T13:40:00.000Z,zerobus-billing-record-0124,ORIGINAL,<raw-table-id>,GRPC,LAKEFLOW_CONNECT,PREMIUM_JOBS_SERVERLESS_COMPUTE_EUROPE_IRELAND,5.837470638282597066,5.837470638282597066,{},2026-09-19
2026-09-19T13:40:00.000Z,2026-09-19T13:50:00.000Z,2026-09-19T13:40:00.000Z,2026-09-19T13:50:00.000Z,zerobus-billing-record-0125,ORIGINAL,<raw-table-id>,GRPC,LAKEFLOW_CONNECT,PREMIUM_JOBS_SERVERLESS_COMPUTE_EUROPE_IRELAND,5.843916218288242799,5.843916218288242799,{},2026-09-19
2026-09-19T13:50:00.000Z,2026-09-19T14:00:00.000Z,2026-09-19T13:50:00.000Z,2026-09-19T14:00:00.000Z,zerobus-billing-record-0126,ORIGINAL,<raw-table-id>,GRPC,LAKEFLOW_CONNECT,PREMIUM_JOBS_SERVERLESS_COMPUTE_EUROPE_IRELAND,5.838406461380422140,5.83840646138042214,{},2026-09-19
2026-09-19T14:00:00.000Z,2026-09-19T14:10:00.000Z,2026-09-19T14:00:00.000Z,2026-09-19T14:10:00.000Z,zerobus-billing-record-0127,ORIGINAL,<raw-table-id>,GRPC,LAKEFLOW_CONNECT,PREMIUM_JOBS_SERVERLESS_COMPUTE_EUROPE_IRELAND,5.839113332509994463,5.839113332509994463,{},2026-09-19
2026-09-19T14:10:00.000Z,2026-09-19T14:20:00.000Z,2026-09-19T14:10:00.000Z,2026-09-19T14:20:00.000Z,zerobus-billing-record-0128,ORIGINAL,<raw-table-id>,GRPC,LAKEFLOW_CONNECT,PREMIUM_JOBS_SERVERLESS_COMPUTE_EUROPE_IRELAND,5.843983617581427142,5.843983617581427142,{},2026-09-19
2026-09-19T14:20:00.000Z,2026-09-19T14:30:00.000Z,2026-09-19T14:20:00.000Z,2026-09-19T14:30:00.000Z,zerobus-billing-record-0129,ORIGINAL,<raw-table-id>,GRPC,LAKEFLOW_CONNECT,PREMIUM_JOBS_SERVERLESS_COMPUTE_EUROPE_IRELAND,5.840880595035851050,5.84088059503585105,{},2026-09-19
2026-09-19T14:30:00.000Z,2026-09-19T14:40:00.000Z,2026-09-19T14:30:00.000Z,2026-09-19T14:40:00.000Z,zerobus-billing-record-0130,ORIGINAL,<raw-table-id>,GRPC,LAKEFLOW_CONNECT,PREMIUM_JOBS_SERVERLESS_COMPUTE_EUROPE_IRELAND,5.841365053825080356,5.841365053825080356,{},2026-09-19
2026-09-19T14:40:00.000Z,2026-09-19T14:50:00.000Z,2026-09-19T14:40:00.000Z,2026-09-19T14:50:00.000Z,zerobus-billing-record-0131,ORIGINAL,<raw-table-id>,GRPC,LAKEFLOW_CONNECT,PREMIUM_JOBS_SERVERLESS_COMPUTE_EUROPE_IRELAND,5.838720172807574248,5.838720172807574248,{},2026-09-19
2026-09-19T14:50:00.000Z,2026-09-19T15:00:00.000Z,2026-09-19T14:50:00.000Z,2026-09-19T15:00:00.000Z,zerobus-billing-record-0132,ORIGINAL,<raw-table-id>,GRPC,LAKEFLOW_CONNECT,PREMIUM_JOBS_SERVERLESS_COMPUTE_EUROPE_IRELAND,5.835061780512332912,5.835061780512332912,{},2026-09-19
2026-09-19T15:00:00.000Z,2026-09-19T15:10:00.000Z,2026-09-19T15:00:00.000Z,2026-09-19T15:10:00.000Z,zerobus-billing-record-0133,ORIGINAL,<raw-table-id>,GRPC,LAKEFLOW_CONNECT,PREMIUM_JOBS_SERVERLESS_COMPUTE_EUROPE_IRELAND,5.773643934875726717,5.773643934875726717,{},2026-09-19
2026-09-19T15:10:00.000Z,2026-09-19T15:20:00.000Z,2026-09-19T15:10:00.000Z,2026-09-19T15:20:00.000Z,zerobus-billing-record-0134,ORIGINAL,<raw-table-id>,GRPC,LAKEFLOW_CONNECT,PREMIUM_JOBS_SERVERLESS_COMPUTE_EUROPE_IRELAND,5.840707093529403195,5.840707093529403195,{},2026-09-19
2026-09-19T15:20:00.000Z,2026-09-19T15:30:00.000Z,2026-09-19T15:20:00.000Z,2026-09-19T15:30:00.000Z,zerobus-billing-record-0135,ORIGINAL,<raw-table-id>,GRPC,LAKEFLOW_CONNECT,PREMIUM_JOBS_SERVERLESS_COMPUTE_EUROPE_IRELAND,5.763378809437155692,5.763378809437155692,{},2026-09-19
2026-09-19T15:30:00.000Z,2026-09-19T15:40:00.000Z,2026-09-19T15:30:00.000Z,2026-09-19T15:40:00.000Z,zerobus-billing-record-0136,ORIGINAL,<raw-table-id>,GRPC,LAKEFLOW_CONNECT,PREMIUM_JOBS_SERVERLESS_COMPUTE_EUROPE_IRELAND,5.840288928113877773,5.840288928113877773,{},2026-09-19
2026-09-19T15:40:00.000Z,2026-09-19T15:50:00.000Z,2026-09-19T15:40:00.000Z,2026-09-19T15:50:00.000Z,zerobus-billing-record-0137,ORIGINAL,<raw-table-id>,GRPC,LAKEFLOW_CONNECT,PREMIUM_JOBS_SERVERLESS_COMPUTE_EUROPE_IRELAND,5.766760705880820724,5.766760705880820724,{},2026-09-19
2026-09-19T15:50:00.000Z,2026-09-19T16:00:00.000Z,2026-09-19T15:50:00.000Z,2026-09-19T16:00:00.000Z,zerobus-billing-record-0138,ORIGINAL,<raw-table-id>,GRPC,LAKEFLOW_CONNECT,PREMIUM_JOBS_SERVERLESS_COMPUTE_EUROPE_IRELAND,5.841104814350605060,5.84110481435060506,{},2026-09-19
2026-09-19T16:00:00.000Z,2026-09-19T16:10:00.000Z,2026-09-19T16:00:00.000Z,2026-09-19T16:10:00.000Z,zerobus-billing-record-0139,ORIGINAL,<raw-table-id>,GRPC,LAKEFLOW_CONNECT,PREMIUM_JOBS_SERVERLESS_COMPUTE_EUROPE_IRELAND,5.846656256325542891,5.846656256325542891,{},2026-09-19
2026-09-19T16:10:00.000Z,2026-09-19T16:20:00.000Z,2026-09-19T16:10:00.000Z,2026-09-19T16:20:00.000Z,zerobus-billing-record-0140,ORIGINAL,<raw-table-id>,GRPC,LAKEFLOW_CONNECT,PREMIUM_JOBS_SERVERLESS_COMPUTE_EUROPE_IRELAND,5.837937226563692187,5.837937226563692187,{},2026-09-19
2026-09-19T16:20:00.000Z,2026-09-19T16:30:00.000Z,2026-09-19T16:20:00.000Z,2026-09-19T16:30:00.000Z,zerobus-billing-record-0141,ORIGINAL,<raw-table-id>,GRPC,LAKEFLOW_CONNECT,PREMIUM_JOBS_SERVERLESS_COMPUTE_EUROPE_IRELAND,5.844415461026131999,5.844415461026131999,{},2026-09-19
2026-09-19T16:30:00.000Z,2026-09-19T16:40:00.000Z,2026-09-19T16:30:00.000Z,2026-09-19T16:40:00.000Z,zerobus-billing-record-0142,ORIGINAL,<raw-table-id>,GRPC,LAKEFLOW_CONNECT,PREMIUM_JOBS_SERVERLESS_COMPUTE_EUROPE_IRELAND,5.838583238027989876,5.838583238027989876,{},2026-09-19
2026-09-19T16:40:00.000Z,2026-09-19T16:50:00.000Z,2026-09-19T16:40:00.000Z,2026-09-19T16:50:00.000Z,zerobus-billing-record-0143,ORIGINAL,<raw-table-id>,GRPC,LAKEFLOW_CONNECT,PREMIUM_JOBS_SERVERLESS_COMPUTE_EUROPE_IRELAND,5.839892180033028143,5.839892180033028143,{},2026-09-19
2026-09-19T16:50:00.000Z,2026-09-19T17:00:00.000Z,2026-09-19T16:50:00.000Z,2026-09-19T17:00:00.000Z,zerobus-billing-record-0144,ORIGINAL,<raw-table-id>,GRPC,LAKEFLOW_CONNECT,PREMIUM_JOBS_SERVERLESS_COMPUTE_EUROPE_IRELAND,5.837109959371387947,5.837109959371387947,{},2026-09-19
2026-09-19T17:00:00.000Z,2026-09-19T17:10:00.000Z,2026-09-19T17:00:00.000Z,2026-09-19T17:10:00.000Z,zerobus-billing-record-0145,ORIGINAL,<raw-table-id>,GRPC,LAKEFLOW_CONNECT,PREMIUM_JOBS_SERVERLESS_COMPUTE_EUROPE_IRELAND,5.769219772182404974,5.769219772182404974,{},2026-09-19
2026-09-19T17:10:00.000Z,2026-09-19T17:20:00.000Z,2026-09-19T17:10:00.000Z,2026-09-19T17:20:00.000Z,zerobus-billing-record-0146,ORIGINAL,<raw-table-id>,GRPC,LAKEFLOW_CONNECT,PREMIUM_JOBS_SERVERLESS_COMPUTE_EUROPE_IRELAND,5.840283962130546555,5.840283962130546555,{},2026-09-19
2026-09-19T17:20:00.000Z,2026-09-19T17:30:00.000Z,2026-09-19T17:20:00.000Z,2026-09-19T17:30:00.000Z,zerobus-billing-record-0147,ORIGINAL,<raw-table-id>,GRPC,LAKEFLOW_CONNECT,PREMIUM_JOBS_SERVERLESS_COMPUTE_EUROPE_IRELAND,5.843638543002307411,5.843638543002307411,{},2026-09-19
2026-09-19T17:30:00.000Z,2026-09-19T17:40:00.000Z,2026-09-19T17:30:00.000Z,2026-09-19T17:40:00.000Z,zerobus-billing-record-0148,ORIGINAL,<raw-table-id>,GRPC,LAKEFLOW_CONNECT,PREMIUM_JOBS_SERVERLESS_COMPUTE_EUROPE_IRELAND,5.765351280756294770,5.76535128075629477,{},2026-09-19
2026-09-19T17:40:00.000Z,2026-09-19T17:50:00.000Z,2026-09-19T17:40:00.000Z,2026-09-19T17:50:00.000Z,zerobus-billing-record-0149,ORIGINAL,<raw-table-id>,GRPC,LAKEFLOW_CONNECT,PREMIUM_JOBS_SERVERLESS_COMPUTE_EUROPE_IRELAND,5.844459333427250403,5.844459333427250403,{},2026-09-19
2026-09-19T17:50:00.000Z,2026-09-19T18:00:00.000Z,2026-09-19T17:50:00.000Z,2026-09-19T18:00:00.000Z,zerobus-billing-record-0150,ORIGINAL,<raw-table-id>,GRPC,LAKEFLOW_CONNECT,PREMIUM_JOBS_SERVERLESS_COMPUTE_EUROPE_IRELAND,5.839783621996641198,5.839783621996641198,{},2026-09-19
2026-09-19T18:00:00.000Z,2026-09-19T18:10:00.000Z,2026-09-19T18:00:00.000Z,2026-09-19T18:10:00.000Z,zerobus-billing-record-0151,ORIGINAL,<raw-table-id>,GRPC,LAKEFLOW_CONNECT,PREMIUM_JOBS_SERVERLESS_COMPUTE_EUROPE_IRELAND,5.843361659333109905,5.843361659333109905,{},2026-09-19
2026-09-19T18:10:00.000Z,2026-09-19T18:20:00.000Z,2026-09-19T18:10:00.000Z,2026-09-19T18:20:00.000Z,zerobus-billing-record-0152,ORIGINAL,<raw-table-id>,GRPC,LAKEFLOW_CONNECT,PREMIUM_JOBS_SERVERLESS_COMPUTE_EUROPE_IRELAND,5.768996919818222548,5.768996919818222548,{},2026-09-19
2026-09-19T18:20:00.000Z,2026-09-19T18:30:00.000Z,2026-09-19T18:20:00.000Z,2026-09-19T18:30:00.000Z,zerobus-billing-record-0153,ORIGINAL,<raw-table-id>,GRPC,LAKEFLOW_CONNECT,PREMIUM_JOBS_SERVERLESS_COMPUTE_EUROPE_IRELAND,5.839511110864579654,5.839511110864579654,{},2026-09-19
2026-09-19T18:30:00.000Z,2026-09-19T18:40:00.000Z,2026-09-19T18:30:00.000Z,2026-09-19T18:40:00.000Z,zerobus-billing-record-0154,ORIGINAL,<raw-table-id>,GRPC,LAKEFLOW_CONNECT,PREMIUM_JOBS_SERVERLESS_COMPUTE_EUROPE_IRELAND,5.839582332931458908,5.839582332931458908,{},2026-09-19
2026-09-19T18:40:00.000Z,2026-09-19T18:50:00.000Z,2026-09-19T18:40:00.000Z,2026-09-19T18:50:00.000Z,zerobus-billing-record-0155,ORIGINAL,<raw-table-id>,GRPC,LAKEFLOW_CONNECT,PREMIUM_JOBS_SERVERLESS_COMPUTE_EUROPE_IRELAND,5.699661030575632998,5.699661030575632998,{},2026-09-19
2026-09-19T18:50:00.000Z,2026-09-19T19:00:00.000Z,2026-09-19T18:50:00.000Z,2026-09-19T19:00:00.000Z,zerobus-billing-record-0156,ORIGINAL,<raw-table-id>,GRPC,LAKEFLOW_CONNECT,PREMIUM_JOBS_SERVERLESS_COMPUTE_EUROPE_IRELAND,5.619444892399013013,5.619444892399013013,{},2026-09-19
2026-09-19T19:00:00.000Z,2026-09-19T19:10:00.000Z,2026-09-19T19:00:00.000Z,2026-09-19T19:10:00.000Z,zerobus-billing-record-0157,ORIGINAL,<raw-table-id>,GRPC,LAKEFLOW_CONNECT,PREMIUM_JOBS_SERVERLESS_COMPUTE_EUROPE_IRELAND,5.769651107415556916,5.769651107415556916,{},2026-09-19
2026-09-19T19:10:00.000Z,2026-09-19T19:20:00.000Z,2026-09-19T19:10:00.000Z,2026-09-19T19:20:00.000Z,zerobus-billing-record-0158,ORIGINAL,<raw-table-id>,GRPC,LAKEFLOW_CONNECT,PREMIUM_JOBS_SERVERLESS_COMPUTE_EUROPE_IRELAND,5.842190244488418141,5.842190244488418141,{},2026-09-19
2026-09-19T19:20:00.000Z,2026-09-19T19:30:00.000Z,2026-09-19T19:20:00.000Z,2026-09-19T19:30:00.000Z,zerobus-billing-record-0159,ORIGINAL,<raw-table-id>,GRPC,LAKEFLOW_CONNECT,PREMIUM_JOBS_SERVERLESS_COMPUTE_EUROPE_IRELAND,5.840177428416907730,5.84017742841690773,{},2026-09-19
2026-09-19T19:30:00.000Z,2026-09-19T19:40:00.000Z,2026-09-19T19:30:00.000Z,2026-09-19T19:40:00.000Z,zerobus-billing-record-0160,ORIGINAL,<raw-table-id>,GRPC,LAKEFLOW_CONNECT,PREMIUM_JOBS_SERVERLESS_COMPUTE_EUROPE_IRELAND,5.837312182821333412,5.837312182821333412,{},2026-09-19
2026-09-19T19:40:00.000Z,2026-09-19T19:50:00.000Z,2026-09-19T19:40:00.000Z,2026-09-19T19:50:00.000Z,zerobus-billing-record-0161,ORIGINAL,<raw-table-id>,GRPC,LAKEFLOW_CONNECT,PREMIUM_JOBS_SERVERLESS_COMPUTE_EUROPE_IRELAND,5.841158071085810647,5.841158071085810647,{},2026-09-19
2026-09-19T19:50:00.000Z,2026-09-19T20:00:00.000Z,2026-09-19T19:50:00.000Z,2026-09-19T20:00:00.000Z,zerobus-billing-record-0162,ORIGINAL,<raw-table-id>,GRPC,LAKEFLOW_CONNECT,PREMIUM_JOBS_SERVERLESS_COMPUTE_EUROPE_IRELAND,5.840307402722537556,5.840307402722537556,{},2026-09-19
2026-09-19T20:00:00.000Z,2026-09-19T20:10:00.000Z,2026-09-19T20:00:00.000Z,2026-09-19T20:10:00.000Z,zerobus-billing-record-0163,ORIGINAL,<raw-table-id>,GRPC,LAKEFLOW_CONNECT,PREMIUM_JOBS_SERVERLESS_COMPUTE_EUROPE_IRELAND,5.843067556135356357,5.843067556135356357,{},2026-09-19
2026-09-19T20:10:00.000Z,2026-09-19T20:20:00.000Z,2026-09-19T20:10:00.000Z,2026-09-19T20:20:00.000Z,zerobus-billing-record-0164,ORIGINAL,<raw-table-id>,GRPC,LAKEFLOW_CONNECT,PREMIUM_JOBS_SERVERLESS_COMPUTE_EUROPE_IRELAND,5.841395271636545681,5.841395271636545681,{},2026-09-19
2026-09-19T20:20:00.000Z,2026-09-19T20:30:00.000Z,2026-09-19T20:20:00.000Z,2026-09-19T20:30:00.000Z,zerobus-billing-record-0165,ORIGINAL,<raw-table-id>,GRPC,LAKEFLOW_CONNECT,PREMIUM_JOBS_SERVERLESS_COMPUTE_EUROPE_IRELAND,5.841051057927310470,5.84105105792731047,{},2026-09-19
2026-09-19T20:30:00.000Z,2026-09-19T20:40:00.000Z,2026-09-19T20:30:00.000Z,2026-09-19T20:40:00.000Z,zerobus-billing-record-0166,ORIGINAL,<raw-table-id>,GRPC,LAKEFLOW_CONNECT,PREMIUM_JOBS_SERVERLESS_COMPUTE_EUROPE_IRELAND,5.839011527188122179,5.839011527188122179,{},2026-09-19
2026-09-19T20:40:00.000Z,2026-09-19T20:50:00.000Z,2026-09-19T20:40:00.000Z,2026-09-19T20:50:00.000Z,zerobus-billing-record-0167,ORIGINAL,<raw-table-id>,GRPC,LAKEFLOW_CONNECT,PREMIUM_JOBS_SERVERLESS_COMPUTE_EUROPE_IRELAND,5.841314274221658716,5.841314274221658716,{},2026-09-19
2026-09-19T20:50:00.000Z,2026-09-19T21:00:00.000Z,2026-09-19T20:50:00.000Z,2026-09-19T21:00:00.000Z,zerobus-billing-record-0168,ORIGINAL,<raw-table-id>,GRPC,LAKEFLOW_CONNECT,PREMIUM_JOBS_SERVERLESS_COMPUTE_EUROPE_IRELAND,5.839935425959527523,5.839935425959527523,{},2026-09-19
2026-09-19T21:00:00.000Z,2026-09-19T21:10:00.000Z,2026-09-19T21:00:00.000Z,2026-09-19T21:10:00.000Z,zerobus-billing-record-0169,ORIGINAL,<raw-table-id>,GRPC,LAKEFLOW_CONNECT,PREMIUM_JOBS_SERVERLESS_COMPUTE_EUROPE_IRELAND,5.843967379316687609,5.843967379316687609,{},2026-09-19
2026-09-19T21:10:00.000Z,2026-09-19T21:20:00.000Z,2026-09-19T21:10:00.000Z,2026-09-19T21:20:00.000Z,zerobus-billing-record-0170,ORIGINAL,<raw-table-id>,GRPC,LAKEFLOW_CONNECT,PREMIUM_JOBS_SERVERLESS_COMPUTE_EUROPE_IRELAND,5.842058938391506632,5.842058938391506632,{},2026-09-19
2026-09-19T21:20:00.000Z,2026-09-19T21:30:00.000Z,2026-09-19T21:20:00.000Z,2026-09-19T21:30:00.000Z,zerobus-billing-record-0171,ORIGINAL,<raw-table-id>,GRPC,LAKEFLOW_CONNECT,PREMIUM_JOBS_SERVERLESS_COMPUTE_EUROPE_IRELAND,5.840968544401228450,5.84096854440122845,{},2026-09-19
2026-09-19T21:30:00.000Z,2026-09-19T21:40:00.000Z,2026-09-19T21:30:00.000Z,2026-09-19T21:40:00.000Z,zerobus-billing-record-0172,ORIGINAL,<raw-table-id>,GRPC,LAKEFLOW_CONNECT,PREMIUM_JOBS_SERVERLESS_COMPUTE_EUROPE_IRELAND,5.840580033183097806,5.840580033183097806,{},2026-09-19
2026-09-19T21:40:00.000Z,2026-09-19T21:50:00.000Z,2026-09-19T21:40:00.000Z,2026-09-19T21:50:00.000Z,zerobus-billing-record-0173,ORIGINAL,<raw-table-id>,GRPC,LAKEFLOW_CONNECT,PREMIUM_JOBS_SERVERLESS_COMPUTE_EUROPE_IRELAND,5.842072087965905659,5.842072087965905659,{},2026-09-19
2026-09-19T21:50:00.000Z,2026-09-19T22:00:00.000Z,2026-09-19T21:50:00.000Z,2026-09-19T22:00:00.000Z,zerobus-billing-record-0174,ORIGINAL,<raw-table-id>,GRPC,LAKEFLOW_CONNECT,PREMIUM_JOBS_SERVERLESS_COMPUTE_EUROPE_IRELAND,5.841302885808050671,5.841302885808050671,{},2026-09-19
2026-09-19T22:00:00.000Z,2026-09-19T22:10:00.000Z,2026-09-19T22:00:00.000Z,2026-09-19T22:10:00.000Z,zerobus-billing-record-0175,ORIGINAL,<raw-table-id>,GRPC,LAKEFLOW_CONNECT,PREMIUM_JOBS_SERVERLESS_COMPUTE_EUROPE_IRELAND,5.843229588255286164,5.843229588255286164,{},2026-09-19
2026-09-19T22:10:00.000Z,2026-09-19T22:20:00.000Z,2026-09-19T22:10:00.000Z,2026-09-19T22:20:00.000Z,zerobus-billing-record-0176,ORIGINAL,<raw-table-id>,GRPC,LAKEFLOW_CONNECT,PREMIUM_JOBS_SERVERLESS_COMPUTE_EUROPE_IRELAND,5.843542683862149740,5.84354268386214974,{},2026-09-19
2026-09-19T22:20:00.000Z,2026-09-19T22:30:00.000Z,2026-09-19T22:20:00.000Z,2026-09-19T22:30:00.000Z,zerobus-billing-record-0177,ORIGINAL,<raw-table-id>,GRPC,LAKEFLOW_CONNECT,PREMIUM_JOBS_SERVERLESS_COMPUTE_EUROPE_IRELAND,5.841879172138869805,5.841879172138869805,{},2026-09-19
2026-09-19T22:30:00.000Z,2026-09-19T22:40:00.000Z,2026-09-19T22:30:00.000Z,2026-09-19T22:40:00.000Z,zerobus-billing-record-0178,ORIGINAL,<raw-table-id>,GRPC,LAKEFLOW_CONNECT,PREMIUM_JOBS_SERVERLESS_COMPUTE_EUROPE_IRELAND,5.839621028393506974,5.839621028393506974,{},2026-09-19
2026-09-19T22:40:00.000Z,2026-09-19T22:50:00.000Z,2026-09-19T22:40:00.000Z,2026-09-19T22:50:00.000Z,zerobus-billing-record-0179,ORIGINAL,<raw-table-id>,GRPC,LAKEFLOW_CONNECT,PREMIUM_JOBS_SERVERLESS_COMPUTE_EUROPE_IRELAND,5.843902478463947766,5.843902478463947766,{},2026-09-20
2026-09-19T22:50:00.000Z,2026-09-19T23:00:00.000Z,2026-09-19T22:50:00.000Z,2026-09-19T23:00:00.000Z,zerobus-billing-record-0180,ORIGINAL,<raw-table-id>,GRPC,LAKEFLOW_CONNECT,PREMIUM_JOBS_SERVERLESS_COMPUTE_EUROPE_IRELAND,5.841986689247190965,5.841986689247190965,{},2026-09-20
2026-09-19T23:00:00.000Z,2026-09-19T23:10:00.000Z,2026-09-19T23:00:00.000Z,2026-09-19T23:10:00.000Z,zerobus-billing-record-0181,ORIGINAL,<raw-table-id>,GRPC,LAKEFLOW_CONNECT,PREMIUM_JOBS_SERVERLESS_COMPUTE_EUROPE_IRELAND,5.844233094051480343,5.844233094051480343,{},2026-09-20
2026-09-19T23:10:00.000Z,2026-09-19T23:20:00.000Z,2026-09-19T23:10:00.000Z,2026-09-19T23:20:00.000Z,zerobus-billing-record-0182,ORIGINAL,<raw-table-id>,GRPC,LAKEFLOW_CONNECT,PREMIUM_JOBS_SERVERLESS_COMPUTE_EUROPE_IRELAND,5.841727503485977658,5.841727503485977658,{},2026-09-20
2026-09-19T23:20:00.000Z,2026-09-19T23:30:00.000Z,2026-09-19T23:20:00.000Z,2026-09-19T23:30:00.000Z,zerobus-billing-record-0183,ORIGINAL,<raw-table-id>,GRPC,LAKEFLOW_CONNECT,PREMIUM_JOBS_SERVERLESS_COMPUTE_EUROPE_IRELAND,5.841196674920618532,5.841196674920618532,{},2026-09-20
2026-09-19T23:30:00.000Z,2026-09-19T23:40:00.000Z,2026-09-19T23:30:00.000Z,2026-09-19T23:40:00.000Z,zerobus-billing-record-0184,ORIGINAL,<raw-table-id>,GRPC,LAKEFLOW_CONNECT,PREMIUM_JOBS_SERVERLESS_COMPUTE_EUROPE_IRELAND,5.842269495658576459,5.842269495658576459,{},2026-09-20
2026-09-19T23:40:00.000Z,2026-09-19T23:50:00.000Z,2026-09-19T23:40:00.000Z,2026-09-19T23:50:00.000Z,zerobus-billing-record-0185,ORIGINAL,<raw-table-id>,GRPC,LAKEFLOW_CONNECT,PREMIUM_JOBS_SERVERLESS_COMPUTE_EUROPE_IRELAND,5.840375197291374223,5.840375197291374223,{},2026-09-20
2026-09-19T23:50:00.000Z,2026-09-20T00:00:00.000Z,2026-09-19T23:50:00.000Z,2026-09-20T00:00:00.000Z,zerobus-billing-record-0186,ORIGINAL,<raw-table-id>,GRPC,LAKEFLOW_CONNECT,PREMIUM_JOBS_SERVERLESS_COMPUTE_EUROPE_IRELAND,5.840588886931538632,5.840588886931538632,{},2026-09-20
2026-09-20T00:00:00.000Z,2026-09-20T00:10:00.000Z,2026-09-20T00:00:00.000Z,2026-09-20T00:10:00.000Z,zerobus-billing-record-0187,ORIGINAL,<raw-table-id>,GRPC,LAKEFLOW_CONNECT,PREMIUM_JOBS_SERVERLESS_COMPUTE_EUROPE_IRELAND,5.842670145355164959,5.842670145355164959,{},2026-09-20
2026-09-20T00:10:00.000Z,2026-09-20T00:20:00.000Z,2026-09-20T00:10:00.000Z,2026-09-20T00:20:00.000Z,zerobus-billing-record-0188,ORIGINAL,<raw-table-id>,GRPC,LAKEFLOW_CONNECT,PREMIUM_JOBS_SERVERLESS_COMPUTE_EUROPE_IRELAND,5.845856261022388934,5.845856261022388934,{},2026-09-20
2026-09-20T00:20:00.000Z,2026-09-20T00:30:00.000Z,2026-09-20T00:20:00.000Z,2026-09-20T00:30:00.000Z,zerobus-billing-record-0189,ORIGINAL,<raw-table-id>,GRPC,LAKEFLOW_CONNECT,PREMIUM_JOBS_SERVERLESS_COMPUTE_EUROPE_IRELAND,5.843040543146431407,5.843040543146431407,{},2026-09-20
2026-09-20T00:30:00.000Z,2026-09-20T00:40:00.000Z,2026-09-20T00:30:00.000Z,2026-09-20T00:33:42.627Z,zerobus-billing-record-0190,ORIGINAL,<raw-table-id>,GRPC,LAKEFLOW_CONNECT,PREMIUM_JOBS_SERVERLESS_COMPUTE_EUROPE_IRELAND,3.118858156539499756,1.15723672469319868696502,{},2026-09-20
